source,source_url,source_job_id,scraped_at,country,title,original_title,company,location_raw,industry_raw,description,raw_text,posted_date,job_status
rwandajob,https://www.rwandajob.com/job-vacancies-rwanda/fullstack-developer-kigali-182789,182789,2026-09-10T13:03:00.961319,Rwanda,FullStack Developer,FullStack Developer - Kigali,MALFOUR LIMITED,Kigali,#NAME?,"MalFour Limited is seeking a Junior  Full-Stack Developer  to join our founding technical team. This is a rare opportunity to get in early with a growing startup  with a genuine path to grow into a part-owner of the company as it scales. You'll work across the front end and back end of our product, contributing directly to features used daily by pharmacies across Rwanda.+plus","MalFour Limited is seeking a Junior  Full-Stack Developer  to join our founding technical team. This is a rare opportunity to get in early with a growing startup  with a genuine path to grow into a part-owner of the company as it scales. You'll work across the front end and back end of our product, contributing directly to features used daily by pharmacies across Rwanda.+plus",,active
rwandajob,https://www.rwandajob.com/job-vacancies-rwanda/national-sales-manager-kigali-153365,153365,2026-09-10T13:03:00.961548,Rwanda,National Sales Manager,National Sales Manager - Kigali,NEIL CORPORATION LTD,Kigali,#NAME?,"We are looking for a  National Sales Manager.    Key Responsibilities     Lead nationwide sales operations and guide regional sales teams.    Develop and implement sales strategies to meet revenue targets.    Analyze market trends and identify new business opportunities.    Build and maintain strong relationships with key clients and partners.    Monitor sales performance, prepare reports, and adjust strategies as needed.    Train, motivate, and support sales teams for improved productivity.    Ensure consistent brand messaging and competitive positioning across all regions.+plus","We are looking for a  National Sales Manager.    Key Responsibilities     Lead nationwide sales operations and guide regional sales teams.    Develop and implement sales strategies to meet revenue targets.    Analyze market trends and identify new business opportunities.    Build and maintain strong relationships with key clients and partners.    Monitor sales performance, prepare reports, and adjust strategies as needed.    Train, motivate, and support sales teams for improved productivity.    Ensure consistent brand messaging and competitive positioning across all regions.+plus",,active
rwandajob,https://www.rwandajob.com/job-vacancies-rwanda/accounts-payable-manager-kigali-161231,161231,2026-09-10T13:03:00.961729,Rwanda,Accounts Payable Manager,Accounts Payable Manager - Kigali,NEIL CORPORATION LTD,Kigali,#NAME?,"we are looking for an experienced and competent  Accounts Payable Manager  to join our Accounting   department on full-time basis. You will be responsible for day to day smooth running of all accounts payable functions. Besides, you will be serving as an intermediary between the Accounts Payable department and different vendors/suppliers. Conducting timely and accurate account reconciliation is also a part of your job role.   You will be directly reporting to the Director of the Accounting Department. Also, you will be hiring and training staff members and assigning them daily tasks. You should be supervising all routine activities like maintaining the general ledger and processing payrolls/invoices on time. Your...+plus","we are looking for an experienced and competent  Accounts Payable Manager  to join our Accounting   department on full-time basis. You will be responsible for day to day smooth running of all accounts payable functions. Besides, you will be serving as an intermediary between the Accounts Payable department and different vendors/suppliers. Conducting timely and accurate account reconciliation is also a part of your job role.   You will be directly reporting to the Director of the Accounting Department. Also, you will be hiring and training staff members and assigning them daily tasks. You should be supervising all routine activities like maintaining the general ledger and processing payrolls/invoices on time. Your...+plus",,active
rwandajob,https://www.rwandajob.com/job-vacancies-rwanda/recruitment-marketing-manager-kigali-161233,161233,2026-09-10T13:03:00.961887,Rwanda,Recruitment Marketing Manager,Recruitment Marketing Manager - Kigali,NEIL CORPORATION LTD,Kigali,#NAME?,"We are looking for an ideal candidate as a  Recruitment Marketing Manager  to work in the Human Resources Department of our company.   You will be assisting us to advertise our organization as a great workplace among the masses. You will be doing this by creating engaging content and making great relations with the best applicants.   As a Recruitment Marketing Manager, your duties will include reaching out to candidates via various platforms as well as staffing agencies to promote job openings. You will be responsible for creating job roles, posting the same on job boards, and making aimed job elucidations. You will be also responsible for organizing job festivals for better candidate experience.+plus","We are looking for an ideal candidate as a  Recruitment Marketing Manager  to work in the Human Resources Department of our company.   You will be assisting us to advertise our organization as a great workplace among the masses. You will be doing this by creating engaging content and making great relations with the best applicants.   As a Recruitment Marketing Manager, your duties will include reaching out to candidates via various platforms as well as staffing agencies to promote job openings. You will be responsible for creating job roles, posting the same on job boards, and making aimed job elucidations. You will be also responsible for organizing job festivals for better candidate experience.+plus",,active
rwandajob,https://www.rwandajob.com/job-vacancies-rwanda/territory-sales-manager-northern-province-177268,177268,2026-09-10T13:03:00.962038,Rwanda,Territory Sales Manager,Territory Sales Manager - Northern Province,DATA- ORBIT LABS,Northern Province,#NAME?,"The Territory Sales Manager is responsible for leading sales activities within an assigned geographic territory to achieve revenue, profitability, and market share objectives. The role involves developing and executing territory sales strategies, managing key customer relationships, identifying new business opportunities, overseeing distributor and channel partner performance, and leading sales initiatives to drive sustainable business growth. The Territory Sales Manager ensures excellent customer service, market intelligence, and effective coordination with internal teams to support the organization's strategic objectives.     Key Responsibilities      Develop and implement territory sales strategies aligned with the...+plus","The Territory Sales Manager is responsible for leading sales activities within an assigned geographic territory to achieve revenue, profitability, and market share objectives. The role involves developing and executing territory sales strategies, managing key customer relationships, identifying new business opportunities, overseeing distributor and channel partner performance, and leading sales initiatives to drive sustainable business growth. The Territory Sales Manager ensures excellent customer service, market intelligence, and effective coordination with internal teams to support the organization's strategic objectives.     Key Responsibilities      Develop and implement territory sales strategies aligned with the...+plus",,active
rwandajob,https://www.rwandajob.com/job-vacancies-rwanda/senior-cost-accountant-kigali-177390,177390,2026-09-10T13:03:00.962185,Rwanda,Senior Cost Accountant,Senior Cost Accountant - Kigali,DATA- ORBIT LABS,Kigali,#NAME?,"The Senior Cost Accountant is responsible for leading the organization's cost accounting function by providing accurate product costing, financial analysis, inventory valuation, and strategic cost management. The role partners closely with Operations, Procurement, Supply Chain, and Finance leadership to drive cost optimization, improve operational efficiency, and support informed business decisions.    The successful candidate will oversee costing methodologies, analyze manufacturing and operational performance, strengthen internal controls, and identify opportunities to improve profitability while ensuring compliance with accounting standards and company policies.     Key Responsibilities      Cost Accounting &...+plus","The Senior Cost Accountant is responsible for leading the organization's cost accounting function by providing accurate product costing, financial analysis, inventory valuation, and strategic cost management. The role partners closely with Operations, Procurement, Supply Chain, and Finance leadership to drive cost optimization, improve operational efficiency, and support informed business decisions.    The successful candidate will oversee costing methodologies, analyze manufacturing and operational performance, strengthen internal controls, and identify opportunities to improve profitability while ensuring compliance with accounting standards and company policies.     Key Responsibilities      Cost Accounting &...+plus",,active
rwandajob,https://www.rwandajob.com/job-vacancies-rwanda/php-larval-debug-code-kigali-remote-177463,177463,2026-09-10T13:03:00.962336,Rwanda,PHP Larval Debug Code,PHP Larval Debug Code - Kigali (Remote),KORSTRADA ENTERPRISES LIMITED,Kigali,#NAME?,"We are looking for a PHP Laravel Developer specializing in code debugging  to join our team. In this role, you will analyze, diagnose, and resolve issues within PHP Laravel applications while ensuring their stability, reliability, and performance. We offer a flexible work environment with the opportunity to work remotely in a dynamic and innovative setting.   Responsibilities    Identify, analyze, and fix bugs in PHP Laravel applications.  Optimize existing code to improve application performance, stability, and maintainability.  Collaborate with the development team to design and implement effective solutions.  Perform testing and validation to ensure code quality and reliability.  Contribute to the continuous improvement of...+plus","We are looking for a PHP Laravel Developer specializing in code debugging  to join our team. In this role, you will analyze, diagnose, and resolve issues within PHP Laravel applications while ensuring their stability, reliability, and performance. We offer a flexible work environment with the opportunity to work remotely in a dynamic and innovative setting.   Responsibilities    Identify, analyze, and fix bugs in PHP Laravel applications.  Optimize existing code to improve application performance, stability, and maintainability.  Collaborate with the development team to design and implement effective solutions.  Perform testing and validation to ensure code quality and reliability.  Contribute to the continuous improvement of...+plus",,active
rwandajob,https://www.rwandajob.com/job-vacancies-rwanda/gestionnaire-de-performance-et-reporting-kpi-rwanda-180211,180211,2026-09-10T13:03:00.962501,Rwanda,Gestionnaire de Performance et Reporting KPI,Gestionnaire de Performance et Reporting KPI - Rwanda,I C S TELECOM RWANDA LIMITED,Rwanda,#NAME?,"Nous recherchons un  Gestionnaire de Performance et Reporting KPI  pour rejoindre notre équipe. Ce poste implique la gestion de la performance, l'analyse des indicateurs clés et la mise en œuvre de stratégies pour améliorer la qualité, la santé et la sécurité au sein de notre département. Il nécessite de travailler dans un environnement dynamique axé sur l'innovation technologique.      Missions :    Surveiller et analyser les performances opérationnelles à l'aide d'indicateurs KPI.  Élaborer des rapports de performance précis et exploitables pour la direction.  Mettre en œuvre des stratégies d'amélioration continue en matière de qualité, santé et sécurité.  Collaborer avec les équipes techniques pour...+plus","Nous recherchons un  Gestionnaire de Performance et Reporting KPI  pour rejoindre notre équipe. Ce poste implique la gestion de la performance, l'analyse des indicateurs clés et la mise en œuvre de stratégies pour améliorer la qualité, la santé et la sécurité au sein de notre département. Il nécessite de travailler dans un environnement dynamique axé sur l'innovation technologique.      Missions :    Surveiller et analyser les performances opérationnelles à l'aide d'indicateurs KPI.  Élaborer des rapports de performance précis et exploitables pour la direction.  Mettre en œuvre des stratégies d'amélioration continue en matière de qualité, santé et sécurité.  Collaborer avec les équipes techniques pour...+plus",,active
rwandajob,https://www.rwandajob.com/job-vacancies-rwanda/operations-manager-kigali-180235,180235,2026-09-10T13:03:00.962769,Rwanda,Operations Manager,Operations Manager - Kigali,NEIL CORPORATION LTD,Kigali,#NAME?,"We are looking for a skilled  Operations Manager  to plan, direct and coordinate all business operations for our Administrative Department.       Responsibilities:    Develop strategic decisions.  Communicate with a team of managers.  Develop and implement operational policies.  Assist the Human Resources department.   Promote a strong company culture.  Enhance operational frameworks, procedures and best practices.  Purchase materials, design stock and ensure warehouse productivity.  Contribute to the accomplishment of the company's strategic and operational objectives.  Analyse financial information and utilise them to enhance profit.  Perform quality controls and screen KPIs.  Assign tasks, manage, and carry...+plus","We are looking for a skilled  Operations Manager  to plan, direct and coordinate all business operations for our Administrative Department.       Responsibilities:    Develop strategic decisions.  Communicate with a team of managers.  Develop and implement operational policies.  Assist the Human Resources department.   Promote a strong company culture.  Enhance operational frameworks, procedures and best practices.  Purchase materials, design stock and ensure warehouse productivity.  Contribute to the accomplishment of the company's strategic and operational objectives.  Analyse financial information and utilise them to enhance profit.  Perform quality controls and screen KPIs.  Assign tasks, manage, and carry...+plus",,active
rwandajob,https://www.rwandajob.com/job-vacancies-rwanda/project-manager-kigali-180249,180249,2026-09-10T13:03:00.962922,Rwanda,Project Manager,Project Manager - Kigali,NEIL CORPORATION LTD,Kigali,#NAME?,"We are searching for an experienced  Project Manager  to manage the business of key customer projects.   As a  Project Manager  at our company, your job will be to manage people and procedures to make sure that our projects are handed-over to our clients on time and produce the anticipated results. You will be the go-to in charge of the whole thing involving a project’s organisation and timeline. You should be extremely good at handling project management responsibilities.  Your job will be to make strategies, budget allocation, supervise and document all features of the particular project you are assigned to. You will work directly with upper management to be sure that the scope of the project is followed...+plus","We are searching for an experienced  Project Manager  to manage the business of key customer projects.   As a  Project Manager  at our company, your job will be to manage people and procedures to make sure that our projects are handed-over to our clients on time and produce the anticipated results. You will be the go-to in charge of the whole thing involving a project’s organisation and timeline. You should be extremely good at handling project management responsibilities.  Your job will be to make strategies, budget allocation, supervise and document all features of the particular project you are assigned to. You will work directly with upper management to be sure that the scope of the project is followed...+plus",,active
rwandajob,https://www.rwandajob.com/job-vacancies-rwanda/finance-manager-kigali-180255,180255,2026-09-10T13:03:00.963067,Rwanda,Finance Manager,Finance Manager - Kigali,NEIL CORPORATION LTD,Kigali,#NAME?,"We're recruiting a  Finance Manager.   The  Finance Manager  is responsible for overseeing the organization’s financial operations, planning, reporting, and budgeting. The role ensures sound financial management, regulatory compliance, and accurate information to support strategic business decisions.      Key Responsibilities:    Oversee daily financial and accounting operations.  Prepare budgets, forecasts, financial statements, and management reports.  Monitor cash flow, expenses, and overall financial performance.  Develop financial strategies to support business growth and profitability.  Ensure compliance with accounting standards, tax requirements, and company policies.  Manage accounts payable,...+plus","We're recruiting a  Finance Manager.   The  Finance Manager  is responsible for overseeing the organization’s financial operations, planning, reporting, and budgeting. The role ensures sound financial management, regulatory compliance, and accurate information to support strategic business decisions.      Key Responsibilities:    Oversee daily financial and accounting operations.  Prepare budgets, forecasts, financial statements, and management reports.  Monitor cash flow, expenses, and overall financial performance.  Develop financial strategies to support business growth and profitability.  Ensure compliance with accounting standards, tax requirements, and company policies.  Manage accounts payable,...+plus",,active
rwandajob,https://www.rwandajob.com/job-vacancies-rwanda/fleet-management-assistant-kigali-180486,180486,2026-09-10T13:03:00.963223,Rwanda,Fleet Management Assistant,Fleet Management Assistant  - Kigali,"LOVEWAY RWANDA CO,. LTD",Kigali,#NAME?,"We are seeking a  Fleet Management Assistant  to join our team. This position involves overseeing the company's motorcycle fleet, ensuring proper maintenance, compliance, and operational efficiency within a dynamic professional environment.      Missions:    Maintain accurate and up-to-date records of the motorcycle fleet, including registration, insurance, and inspection documentation.  Monitor and coordinate motorcycle maintenance, repairs, servicing, and spare parts management to ensure optimal fleet performance.  Collaborate with Site Management, and Technicians to resolve motorcycle-related issues and optimize fleet operations.  Conduct or coordinate periodic motorcycle inspections, compile performance...+plus","We are seeking a  Fleet Management Assistant  to join our team. This position involves overseeing the company's motorcycle fleet, ensuring proper maintenance, compliance, and operational efficiency within a dynamic professional environment.      Missions:    Maintain accurate and up-to-date records of the motorcycle fleet, including registration, insurance, and inspection documentation.  Monitor and coordinate motorcycle maintenance, repairs, servicing, and spare parts management to ensure optimal fleet performance.  Collaborate with Site Management, and Technicians to resolve motorcycle-related issues and optimize fleet operations.  Conduct or coordinate periodic motorcycle inspections, compile performance...+plus",,active
rwandajob,https://www.rwandajob.com/job-vacancies-rwanda/recruitment-consultant-kigali-182010,182010,2026-09-10T13:03:00.963369,Rwanda,Recruitment Consultant,Recruitment Consultant - Kigali,NEIL CORPORATION LTD,Kigali,#NAME?,"The Recruitment Consultant is responsible for identifying, attracting, and placing qualified candidates in suitable positions. The role involves working closely with clients and candidates to understand hiring needs and deliver effective recruitment solutions.   Key Responsibilities    Source and attract qualified candidates through various recruitment channels.  Screen and interview candidates based on job requirements.  Build and maintain strong relationships with clients and candidates.  Manage the recruitment process from sourcing to placement.  Conduct candidate assessments and coordinate interviews.  Maintain accurate candidate and client records.  Advise clients on recruitment strategies and market trends.  Follow up with...+plus","The Recruitment Consultant is responsible for identifying, attracting, and placing qualified candidates in suitable positions. The role involves working closely with clients and candidates to understand hiring needs and deliver effective recruitment solutions.   Key Responsibilities    Source and attract qualified candidates through various recruitment channels.  Screen and interview candidates based on job requirements.  Build and maintain strong relationships with clients and candidates.  Manage the recruitment process from sourcing to placement.  Conduct candidate assessments and coordinate interviews.  Maintain accurate candidate and client records.  Advise clients on recruitment strategies and market trends.  Follow up with...+plus",,active
rwandajob,https://www.rwandajob.com/job-vacancies-rwanda/accounts-receivable-manager-kigali-182011,182011,2026-09-10T13:03:00.963514,Rwanda,Accounts Receivable Manager,Accounts Receivable Manager - Kigali,NEIL CORPORATION LTD,Kigali,#NAME?,"The Accounts Receivable Manager oversees the company’s receivables, ensuring timely customer payments, accurate records, and effective credit and collection processes.   Key Responsibilities    Manage accounts receivable operations and billing activities.  Monitor outstanding invoices and follow up on overdue payments.  Reconcile customer accounts and resolve payment discrepancies.  Prepare receivables reports and cash-flow updates.  Develop effective credit and collection procedures.  Coordinate with customers, sales, and finance teams to resolve account issues.  Ensure accurate and timely financial reporting.+plus","The Accounts Receivable Manager oversees the company’s receivables, ensuring timely customer payments, accurate records, and effective credit and collection processes.   Key Responsibilities    Manage accounts receivable operations and billing activities.  Monitor outstanding invoices and follow up on overdue payments.  Reconcile customer accounts and resolve payment discrepancies.  Prepare receivables reports and cash-flow updates.  Develop effective credit and collection procedures.  Coordinate with customers, sales, and finance teams to resolve account issues.  Ensure accurate and timely financial reporting.+plus",,active
rwandajob,https://www.rwandajob.com/job-vacancies-rwanda/territory-account-manager-kigali-182013,182013,2026-09-10T13:03:00.963661,Rwanda,Territory Account Manager,Territory Account Manager - Kigali,NEIL CORPORATION LTD,Kigali,#NAME?,"The Territory Account Manager manages customer accounts within an assigned territory, driving sales growth, strengthening client relationships, and identifying new business opportunities.   Key Responsibilities    Manage and grow existing customer accounts within the territory.  Identify and pursue new sales and business opportunities.  Build strong relationships with key clients and stakeholders.  Develop territory sales plans and achieve revenue targets.  Conduct client meetings, presentations, and product demonstrations.  Monitor market trends and competitor activities.  Prepare sales reports and provide regular territory updates.  Collaborate with internal teams to ensure excellent customer service.+plus","The Territory Account Manager manages customer accounts within an assigned territory, driving sales growth, strengthening client relationships, and identifying new business opportunities.   Key Responsibilities    Manage and grow existing customer accounts within the territory.  Identify and pursue new sales and business opportunities.  Build strong relationships with key clients and stakeholders.  Develop territory sales plans and achieve revenue targets.  Conduct client meetings, presentations, and product demonstrations.  Monitor market trends and competitor activities.  Prepare sales reports and provide regular territory updates.  Collaborate with internal teams to ensure excellent customer service.+plus",,active
rwandajob,https://www.rwandajob.com/job-vacancies-rwanda/software-developer-full-remote-africa-182028,182028,2026-09-10T13:03:00.963848,Rwanda,Software Developer,Software Developer - Full Remote (Africa),AMAZETHU,Full Remote,#NAME?,"We are currently seeking to hire enthusiastic  Software Engineering Interns  for an eight-month contract, with potential for a full-time position upon successful completion. This internship offers a unique chance to engage in all areas of our product development lifecycle as a  generalist with no specific area of focus . Our interns are presented with real business challenges and expected to provide solutions that make a difference across all areas of the company, all while learning the skills needed to successfully navigate a dynamic and fast-paced work environment.   Our organizational values are the core of our function as a company:      Frequent, Open and Honest Communication:  We champion transparency and regular...+plus","We are currently seeking to hire enthusiastic  Software Engineering Interns  for an eight-month contract, with potential for a full-time position upon successful completion. This internship offers a unique chance to engage in all areas of our product development lifecycle as a  generalist with no specific area of focus . Our interns are presented with real business challenges and expected to provide solutions that make a difference across all areas of the company, all while learning the skills needed to successfully navigate a dynamic and fast-paced work environment.   Our organizational values are the core of our function as a company:      Frequent, Open and Honest Communication:  We champion transparency and regular...+plus",,active
rwandajob,https://www.rwandajob.com/job-vacancies-rwanda/community-engagement-officer-kigali-182057,182057,2026-09-10T13:03:00.964070,Rwanda,Community Engagement Officer,Community Engagement Officer - Kigali,DATA- ORBIT LABS,Kigali,#NAME?,"The Community Engagement Officer is responsible for building and maintaining strong relationships between the organization and the communities it serves. The role will lead community mobilization, participation, awareness, consultation, and stakeholder engagement activities to ensure that programs are relevant, inclusive, participatory, and responsive to community needs.    The officer will work closely with community leaders, local government authorities, community-based organizations, beneficiaries, and other stakeholders to promote effective participation and strengthen community ownership of organizational programs and initiatives.     Key Responsibilities      A. Community Mobilization and Engagement      Develop and...+plus","The Community Engagement Officer is responsible for building and maintaining strong relationships between the organization and the communities it serves. The role will lead community mobilization, participation, awareness, consultation, and stakeholder engagement activities to ensure that programs are relevant, inclusive, participatory, and responsive to community needs.    The officer will work closely with community leaders, local government authorities, community-based organizations, beneficiaries, and other stakeholders to promote effective participation and strengthen community ownership of organizational programs and initiatives.     Key Responsibilities      A. Community Mobilization and Engagement      Develop and...+plus",,active
rwandajob,https://www.rwandajob.com/job-vacancies-rwanda/angular-developer-mf-98977,98977,2026-09-10T13:03:00.964375,Rwanda,ANGULAR Developer (M/F),ANGULAR Developer (M/F),AFRICASHORE,Rwanda,#NAME?,"We are looking for  ANGULAR Developer  profiles / CVs to pass on to our clients for their future recruitment campaigns. 
   
  Mission:  
   
 
	 Working within a Team to determine needs and applying / customizing existing technology to meet those needs. 
	 Producing detailed specifications and writing the program codes that perform efficiently. 
	 Write clean, scalable, reusable code using ANGULAR framework such as LumX, NGX-Bootstrap, Vue.js etc. 
	 Be responsible for providing technical guidance or solutions. 
	 Define, advocate, and implement best practices and coding standards for the team. 
	 Develop and guide the team members in enhancing their technical capabilities and increasing productivity. 
	 Manage, train...+plus","We are looking for  ANGULAR Developer  profiles / CVs to pass on to our clients for their future recruitment campaigns. 
   
  Mission:  
   
 
	 Working within a Team to determine needs and applying / customizing existing technology to meet those needs. 
	 Producing detailed specifications and writing the program codes that perform efficiently. 
	 Write clean, scalable, reusable code using ANGULAR framework such as LumX, NGX-Bootstrap, Vue.js etc. 
	 Be responsible for providing technical guidance or solutions. 
	 Define, advocate, and implement best practices and coding standards for the team. 
	 Develop and guide the team members in enhancing their technical capabilities and increasing productivity. 
	 Manage, train...+plus",,active
rwandajob,https://www.rwandajob.com/job-vacancies-rwanda/devops-engineer-mf-98978,98978,2026-09-10T13:03:00.964590,Rwanda,DevOps Engineer (M/F),DevOps Engineer (M/F),AFRICASHORE,Rwanda,#NAME?,"We are looking for  DevOps Engineer  profiles / CVs to pass on to our clients for their future recruitment campaigns. 
   
  Mission:  
   
 
	 Ensure effective Design, Development, Validation and Support activities. 
	 Defining and setting development, test, release, deploy/implementation for DevOps operation. 
	 To play a key role in the overall estimation of work requirements. 
	 Be a key contributor to building efficient programs/ systems. 
	 Application Development and Maintenance. 
	 Knowledge of design principles and fundamentals of architecture. 
	 Knowledge of quality processes and estimation techniques. 
	 Basic understanding of project domain. 
	 Ability to translate functional / nonfunctional requirements...+plus","We are looking for  DevOps Engineer  profiles / CVs to pass on to our clients for their future recruitment campaigns. 
   
  Mission:  
   
 
	 Ensure effective Design, Development, Validation and Support activities. 
	 Defining and setting development, test, release, deploy/implementation for DevOps operation. 
	 To play a key role in the overall estimation of work requirements. 
	 Be a key contributor to building efficient programs/ systems. 
	 Application Development and Maintenance. 
	 Knowledge of design principles and fundamentals of architecture. 
	 Knowledge of quality processes and estimation techniques. 
	 Basic understanding of project domain. 
	 Ability to translate functional / nonfunctional requirements...+plus",,active
rwandajob,https://www.rwandajob.com/job-vacancies-rwanda/dotnet-developer-mf-98979,98979,2026-09-10T13:03:00.964785,Rwanda,DOTNET Developer (M/F),DOTNET Developer (M/F),AFRICASHORE,Rwanda,#NAME?,"We are looking for  DOTNET Developer  profiles / CVs to pass on to our clients for their future recruitment campaigns. 
   
  Mission:  
   
 
	 Working within a Team to determine needs and applying / customizing existing technology to meet those needs. 
	 Producing detailed specifications and writing the program codes that perform efficiently. 
	 Write clean, scalable, reusable code using.NET programming languages. 
	 Advanced conceptual understanding of at least one Programming Language. 
	 Advanced conceptual understanding of one database and one Operating System. 
	 Understanding of Software Engineering with practice in at least one project. 
	 Exposure to Design Principles and ability to understand Design...+plus","We are looking for  DOTNET Developer  profiles / CVs to pass on to our clients for their future recruitment campaigns. 
   
  Mission:  
   
 
	 Working within a Team to determine needs and applying / customizing existing technology to meet those needs. 
	 Producing detailed specifications and writing the program codes that perform efficiently. 
	 Write clean, scalable, reusable code using.NET programming languages. 
	 Advanced conceptual understanding of at least one Programming Language. 
	 Advanced conceptual understanding of one database and one Operating System. 
	 Understanding of Software Engineering with practice in at least one project. 
	 Exposure to Design Principles and ability to understand Design...+plus",,active
rwandajob,https://www.rwandajob.com/job-vacancies-rwanda/ios-developer-mf-98980,98980,2026-09-10T13:03:00.965081,Rwanda,IOS Developer (M/F),IOS Developer (M/F),AFRICASHORE,Rwanda,#NAME?,"We are looking for  iOS Developer  profiles / CVs to pass on to our clients for their future recruitment campaigns. 
   
  Mission:  
     
 
	 Implement, develop, and fix code according to corporate coding standards. 
	 Design and build advanced applications for the iOS platform. 
	 IOS Developer, who is responsible for App development with quality and by following the best practices. 
	 Ability to write scalable and maintainable code. 
	 Coordinate with other team members to ensure that all TMs are in sync. 
	 Be self-starter and goal-oriented with strong analytical and problem-solving skills. 
	 Ability to work cooperatively within a strong diverse technical community to expedite development tasks. 
	 Collaborate...+plus","We are looking for  iOS Developer  profiles / CVs to pass on to our clients for their future recruitment campaigns. 
   
  Mission:  
     
 
	 Implement, develop, and fix code according to corporate coding standards. 
	 Design and build advanced applications for the iOS platform. 
	 IOS Developer, who is responsible for App development with quality and by following the best practices. 
	 Ability to write scalable and maintainable code. 
	 Coordinate with other team members to ensure that all TMs are in sync. 
	 Be self-starter and goal-oriented with strong analytical and problem-solving skills. 
	 Ability to work cooperatively within a strong diverse technical community to expedite development tasks. 
	 Collaborate...+plus",,active
rwandajob,https://www.rwandajob.com/job-vacancies-rwanda/java-developer-mf-98981,98981,2026-09-10T13:03:00.965365,Rwanda,JAVA Developer (M/F),JAVA Developer (M/F),AFRICASHORE,Rwanda,#NAME?,"We are looking for  JAVA Developer  profiles / CVs to pass on to our clients for their future recruitment campaigns. 
   
  Mission:  
   
 
	 Working within a Team to determine needs and applying / customizing existing technology to meet those needs. 
	 Producing detailed specifications and writing the program codes that perform efficiently. 
	 Write clean, scalable, reusable code using JAVA Framework sach as Spring, Struts, JSF, GWT etc. 
	 Lead a team closely with complete authority and accountability to deliver high quality software products in a fast-paced environment. 
	 Guide your team members on latest technologies including Java, Spring, Spring-Boot, Angular, Hibernate, Grails, Groovy, Kafka, Redis, Hazelcast...+plus","We are looking for  JAVA Developer  profiles / CVs to pass on to our clients for their future recruitment campaigns. 
   
  Mission:  
   
 
	 Working within a Team to determine needs and applying / customizing existing technology to meet those needs. 
	 Producing detailed specifications and writing the program codes that perform efficiently. 
	 Write clean, scalable, reusable code using JAVA Framework sach as Spring, Struts, JSF, GWT etc. 
	 Lead a team closely with complete authority and accountability to deliver high quality software products in a fast-paced environment. 
	 Guide your team members on latest technologies including Java, Spring, Spring-Boot, Angular, Hibernate, Grails, Groovy, Kafka, Redis, Hazelcast...+plus",,active
rwandajob,https://www.rwandajob.com/job-vacancies-rwanda/java-jee-developer-mf-98982,98982,2026-09-10T13:03:00.965649,Rwanda,JAVA JEE Developer (M/F),JAVA JEE Developer (M/F),AFRICASHORE,Rwanda,#NAME?,"We are looking for  JAVA JEE Developer  profiles / CVs to pass on to our clients for their future recruitment campaigns. 
   
  Mission:  
   
 
	 Good exposure to Core Java, MySQL server as DB. 
	 Maintain source code control of all application code, scripts, and database definition language. 
	 Design, Develop, Implement and/or Manage project. 
	 Responsible for development, focusing on designs, coding, testing, quality assurance of complex product features in a development team. 
	 Show initiative and drive topics to resolution in a high level of quality, speed, reliability and efficiency considering the essential non-functional requirements. 
	 Analyzing clients' requirements and produce technical proposals,...+plus","We are looking for  JAVA JEE Developer  profiles / CVs to pass on to our clients for their future recruitment campaigns. 
   
  Mission:  
   
 
	 Good exposure to Core Java, MySQL server as DB. 
	 Maintain source code control of all application code, scripts, and database definition language. 
	 Design, Develop, Implement and/or Manage project. 
	 Responsible for development, focusing on designs, coding, testing, quality assurance of complex product features in a development team. 
	 Show initiative and drive topics to resolution in a high level of quality, speed, reliability and efficiency considering the essential non-functional requirements. 
	 Analyzing clients' requirements and produce technical proposals,...+plus",,active
rwandajob,https://www.rwandajob.com/job-vacancies-rwanda/javascript-developer-mf-98983,98983,2026-09-10T13:03:00.966081,Rwanda,JAVASCRIPT Developer (M/F),JAVASCRIPT Developer (M/F),AFRICASHORE,Rwanda,#NAME?,"We are looking for  JAVASCRIPT Developer  profiles / CVs to pass on to our clients for their future recruitment campaigns. 
   
  Mission:  
   
 
	 Primarily responsible for developing software components using Core JavaScript, HTML5 and CSS. 
	 Ensure designs are in compliance with specifications. 
	 Prepare and produce releases of software components. 
	 Help maintain code quality, organization, unit tests and automation. 
	 Support continuous improvement by investigating alternatives and technologies and presenting these for architectural review. 
	 Building sustainable coding that may be used in the future. 
	 Modifying designs and specifications of complex applications. 
	 Analyzing code, requirements, system...+plus","We are looking for  JAVASCRIPT Developer  profiles / CVs to pass on to our clients for their future recruitment campaigns. 
   
  Mission:  
   
 
	 Primarily responsible for developing software components using Core JavaScript, HTML5 and CSS. 
	 Ensure designs are in compliance with specifications. 
	 Prepare and produce releases of software components. 
	 Help maintain code quality, organization, unit tests and automation. 
	 Support continuous improvement by investigating alternatives and technologies and presenting these for architectural review. 
	 Building sustainable coding that may be used in the future. 
	 Modifying designs and specifications of complex applications. 
	 Analyzing code, requirements, system...+plus",,active
rwandajob,https://www.rwandajob.com/job-vacancies-rwanda/kotlin-developer-mf-98984,98984,2026-09-10T13:03:00.966390,Rwanda,KOTLIN Developer (M/F),KOTLIN Developer (M/F),AFRICASHORE,Rwanda,#NAME?,"We are looking for  KOTLIN Developer  profiles / CVs to pass on to our clients for their future recruitment campaigns. 
   
  Mission:  
     
 
	 Working directly with developers and product managers to conceptualize, build, test and release products. 
	 Carefully evaluate the technical trade-offs of every decision. 
	 Work on bug fixing and improving application performance. 
	 Deliver quality code in an efficient manner. 
	 Continuously discover, evaluate, and implement new technologies to maximize development efficiency. 
	 Optimizing performance for the apps and keep up to date on the latest industry trends in the mobile technologies. 
	 Collaborating with UI and UX Designers, as well as Software Testers, to...+plus","We are looking for  KOTLIN Developer  profiles / CVs to pass on to our clients for their future recruitment campaigns. 
   
  Mission:  
     
 
	 Working directly with developers and product managers to conceptualize, build, test and release products. 
	 Carefully evaluate the technical trade-offs of every decision. 
	 Work on bug fixing and improving application performance. 
	 Deliver quality code in an efficient manner. 
	 Continuously discover, evaluate, and implement new technologies to maximize development efficiency. 
	 Optimizing performance for the apps and keep up to date on the latest industry trends in the mobile technologies. 
	 Collaborating with UI and UX Designers, as well as Software Testers, to...+plus",,active
rwandajob,https://www.rwandajob.com/job-vacancies-rwanda/laravel-developer-mf-98985,98985,2026-09-10T13:03:01.035636,Rwanda,LARAVEL Developer (M/F),LARAVEL Developer (M/F),AFRICASHORE,Rwanda,#NAME?,"We are looking for  LARAVEL Developer  profiles / CVs to pass on to our clients for their future recruitment campaigns. 
   
  Mission:  
     
 
	 Develop, test, and maintain applications to specified designs & standards in Laravel. 
	 Develop & implement modern web services using service-oriented architecture, RESTful APIs, and SOAP. 
	 Write and execute unit tests. 
	 Implement front-end interfaces & experiences with modern HTML/CSS/jQuery. 
	 Test, troubleshoot, and optimize application components for maximum speed, security, stability and scalability. 
	 Developing and maintaining dynamic websites and web applications. 
	 Develop and deploy new features to facilitate related procedures and tools if...+plus","We are looking for  LARAVEL Developer  profiles / CVs to pass on to our clients for their future recruitment campaigns. 
   
  Mission:  
     
 
	 Develop, test, and maintain applications to specified designs & standards in Laravel. 
	 Develop & implement modern web services using service-oriented architecture, RESTful APIs, and SOAP. 
	 Write and execute unit tests. 
	 Implement front-end interfaces & experiences with modern HTML/CSS/jQuery. 
	 Test, troubleshoot, and optimize application components for maximum speed, security, stability and scalability. 
	 Developing and maintaining dynamic websites and web applications. 
	 Develop and deploy new features to facilitate related procedures and tools if...+plus",,active
rwandajob,https://www.rwandajob.com/job-vacancies-rwanda/nodejs-developer-mf-98986,98986,2026-09-10T13:03:01.035838,Rwanda,NODE.JS Developer (M/F),NODE.JS Developer (M/F),AFRICASHORE,Rwanda,#NAME?,"We are looking for  NODE.JS Developer  profiles / CVs to pass on to our clients for their future recruitment campaigns. 
   
  Mission:  
     
 
	 Design and develop business logic and backend services for full-scale applications. 
	 Be responsible for designing, coding, testing, and implementing web applications. 
	 Write scalable, robust, testable, efficient, and easily maintainable code for our online comparison calculators and internal tools. 
	 Be responsible for system design and application development of web applications. 
	 Documenting Node.js processes, including database schemas, as well as preparing reports. 
	 Design and implementation of low-latency, high-availability, and high-performance applications...+plus","We are looking for  NODE.JS Developer  profiles / CVs to pass on to our clients for their future recruitment campaigns. 
   
  Mission:  
     
 
	 Design and develop business logic and backend services for full-scale applications. 
	 Be responsible for designing, coding, testing, and implementing web applications. 
	 Write scalable, robust, testable, efficient, and easily maintainable code for our online comparison calculators and internal tools. 
	 Be responsible for system design and application development of web applications. 
	 Documenting Node.js processes, including database schemas, as well as preparing reports. 
	 Design and implementation of low-latency, high-availability, and high-performance applications...+plus",,active
rwandajob,https://www.rwandajob.com/job-vacancies-rwanda/objective-c-developer-mf-98987,98987,2026-09-10T13:03:01.035993,Rwanda,OBJECTIVE-C Developer (M/F),OBJECTIVE-C Developer (M/F),AFRICASHORE,Rwanda,#NAME?,"We are looking for  OBJECTIVE-C Developer  profiles / CVs to pass on to our clients for their future recruitment campaigns. 
   
  Mission:  
   
 
	 Design and build advanced applications for the iOS platform. 
	 Analyze client business requirements and user experience to shape, design, and build custom mobile experiences for the clients. 
	 Collaborate with cross-functional teams to define, design, and ship new features. 
	 Ensure the performance, quality, and responsiveness of applications. 
	 Unit-test code for robustness, including edge cases, usability, and general reliability. 
	 Work on bug fixing and improving application performance. 
	 Help maintain code quality, organization, and automatization. 
	 Work on...+plus","We are looking for  OBJECTIVE-C Developer  profiles / CVs to pass on to our clients for their future recruitment campaigns. 
   
  Mission:  
   
 
	 Design and build advanced applications for the iOS platform. 
	 Analyze client business requirements and user experience to shape, design, and build custom mobile experiences for the clients. 
	 Collaborate with cross-functional teams to define, design, and ship new features. 
	 Ensure the performance, quality, and responsiveness of applications. 
	 Unit-test code for robustness, including edge cases, usability, and general reliability. 
	 Work on bug fixing and improving application performance. 
	 Help maintain code quality, organization, and automatization. 
	 Work on...+plus",,active
rwandajob,https://www.rwandajob.com/job-vacancies-rwanda/php-developer-mf-98988,98988,2026-09-10T13:03:01.036141,Rwanda,PHP Developer (M/F),PHP Developer (M/F),AFRICASHORE,Rwanda,#NAME?,"We are looking for  PHP Developer  profiles / CVs to pass on to our clients for their future recruitment campaigns. 
   
  Mission:  
   
 
	 Writing clean, fast code PHP to a high standard, in a timely and scalable way. 
	 Design E-Commerce websites and Dashboards using PHP, and Strong Knowledge on Integrations Like, Payment gateway, APi s etc. 
	 Establishing and guiding the website s architecture. 
	 Conducting analysis of website and application requirements. 
	 Writing back-end code and building efficient PHP modules. 
	 Developing back-end portals with an optimized database. 
	 Updating and altering application features to enhance performance. 
	 Helping formulate an effective, responsive design and turning it...+plus","We are looking for  PHP Developer  profiles / CVs to pass on to our clients for their future recruitment campaigns. 
   
  Mission:  
   
 
	 Writing clean, fast code PHP to a high standard, in a timely and scalable way. 
	 Design E-Commerce websites and Dashboards using PHP, and Strong Knowledge on Integrations Like, Payment gateway, APi s etc. 
	 Establishing and guiding the website s architecture. 
	 Conducting analysis of website and application requirements. 
	 Writing back-end code and building efficient PHP modules. 
	 Developing back-end portals with an optimized database. 
	 Updating and altering application features to enhance performance. 
	 Helping formulate an effective, responsive design and turning it...+plus",,active
rwandajob,https://www.rwandajob.com/job-vacancies-rwanda/python-developer-mf-98989,98989,2026-09-10T13:03:01.036291,Rwanda,PYTHON Developer (M/F),PYTHON Developer (M/F),AFRICASHORE,Rwanda,#NAME?,"We are looking for  PYTHON Developer  profiles / CVs to pass on to our clients for their future recruitment campaigns. 
   
  Mission:  
   
 
	 Design, implement, maintain and deploy applications. 
	 Convert specifications and requirements into functional application code. 
	 Demonstrate focus on quality (unit testing, system testing, user acceptance testing) and product support ownership... 
	 Support deployments and releases. 
	 Creating products that are user-friendly, effective and appealing. 
	 Enforce good programming practices. 
	 Contribute to develop, maintain and improve in house python applications. 
	 Work closely with other development teams to ensure successful implementation of applications. 
	 Conduct...+plus","We are looking for  PYTHON Developer  profiles / CVs to pass on to our clients for their future recruitment campaigns. 
   
  Mission:  
   
 
	 Design, implement, maintain and deploy applications. 
	 Convert specifications and requirements into functional application code. 
	 Demonstrate focus on quality (unit testing, system testing, user acceptance testing) and product support ownership... 
	 Support deployments and releases. 
	 Creating products that are user-friendly, effective and appealing. 
	 Enforce good programming practices. 
	 Contribute to develop, maintain and improve in house python applications. 
	 Work closely with other development teams to ensure successful implementation of applications. 
	 Conduct...+plus",,active
rwandajob,https://www.rwandajob.com/job-vacancies-rwanda/qa-tester-mf-98990,98990,2026-09-10T13:03:01.036447,Rwanda,QA Tester (M/F),QA Tester (M/F),AFRICASHORE,Rwanda,#NAME?,"We are looking for  QA Tester  profiles / CVs to pass on to our clients for their future recruitment campaigns. 
   
  Mission:   
   
 
	 Work on tasks identified in the testing strategy and plan. 
	 Be responsible for the accurate recording of defects and the collation of metrics and KPI information for reporting purposes. 
	 Articulation of defects in detailed manner, assigning defects to technical teams, capturing target fix dates. 
	 Identifie the tasks and resources needed to ensure that their specific portion of the testing process meets software quality requirements prior to release into a live environment. 
	 Establish the testing process such as test automation, performance testing, testing process, test...+plus","We are looking for  QA Tester  profiles / CVs to pass on to our clients for their future recruitment campaigns. 
   
  Mission:   
   
 
	 Work on tasks identified in the testing strategy and plan. 
	 Be responsible for the accurate recording of defects and the collation of metrics and KPI information for reporting purposes. 
	 Articulation of defects in detailed manner, assigning defects to technical teams, capturing target fix dates. 
	 Identifie the tasks and resources needed to ensure that their specific portion of the testing process meets software quality requirements prior to release into a live environment. 
	 Establish the testing process such as test automation, performance testing, testing process, test...+plus",,active
rwandajob,https://www.rwandajob.com/job-vacancies-rwanda/react-developer-mf-98991,98991,2026-09-10T13:03:01.036593,Rwanda,REACT Developer (M/F),REACT Developer (M/F),AFRICASHORE,Rwanda,#NAME?,"We are looking for  REACT Developer  profiles / CVs to pass on to our clients for their future recruitment campaigns. 
   
  Mission:   
   
 
	 Responsible for requirement analysis, Design and Development of modules. 
	 Using React and Redux, design and develop user interface components for JavaScript-based online and mobile apps. 
	 Develop new user-facing features. 
	 Build reusable code and libraries for future use. 
	 Ensure the technical feasibility of UI/UX designs. 
	 Writing application interface codes using JavaScript following react.js workflows. 
	 Review code, elicit requirements and design specifications. 
	 Prepares the deployment documents and deploys the code. 
	 Reports status to Project management...+plus","We are looking for  REACT Developer  profiles / CVs to pass on to our clients for their future recruitment campaigns. 
   
  Mission:   
   
 
	 Responsible for requirement analysis, Design and Development of modules. 
	 Using React and Redux, design and develop user interface components for JavaScript-based online and mobile apps. 
	 Develop new user-facing features. 
	 Build reusable code and libraries for future use. 
	 Ensure the technical feasibility of UI/UX designs. 
	 Writing application interface codes using JavaScript following react.js workflows. 
	 Review code, elicit requirements and design specifications. 
	 Prepares the deployment documents and deploys the code. 
	 Reports status to Project management...+plus",,active
rwandajob,https://www.rwandajob.com/job-vacancies-rwanda/ruby-on-rails-developer-mf-98992,98992,2026-09-10T13:03:01.036754,Rwanda,RUBY ON RAILS Developer (M/F),RUBY ON RAILS Developer (M/F),AFRICASHORE,Rwanda,#NAME?,"We are looking for  RUBY ON RAILS Developer  profiles / CVs to pass on to our clients for their future recruitment campaigns. 
   
  Mission:  
   
 
	 Providing enhancements to the application platform with specific emphasis on sound fundamental development methodology in Ruby on Rails. 
	 Design and develop responsive, high performing web applications using modern techniques and frameworks as well as write tests and perform code reviews in a dynamic, fast paced agile environment. 
	 Maintain responsibility for analysis of Incident Tickets & Resolution, supply to Continual Service Improvement Programs. 
	 Writte and maintain reliable Ruby code. 
	 Integrating user-facing elements designed by the front-end team...+plus","We are looking for  RUBY ON RAILS Developer  profiles / CVs to pass on to our clients for their future recruitment campaigns. 
   
  Mission:  
   
 
	 Providing enhancements to the application platform with specific emphasis on sound fundamental development methodology in Ruby on Rails. 
	 Design and develop responsive, high performing web applications using modern techniques and frameworks as well as write tests and perform code reviews in a dynamic, fast paced agile environment. 
	 Maintain responsibility for analysis of Incident Tickets & Resolution, supply to Continual Service Improvement Programs. 
	 Writte and maintain reliable Ruby code. 
	 Integrating user-facing elements designed by the front-end team...+plus",,active
rwandajob,https://www.rwandajob.com/job-vacancies-rwanda/swift-developer-mf-98993,98993,2026-09-10T13:03:01.036899,Rwanda,SWIFT Developer (M/F),SWIFT Developer (M/F),AFRICASHORE,Rwanda,#NAME?,"We are looking for  SWIFT Developer  profiles / CVs to pass on to our clients for their future recruitment campaigns. 
   
  Mission:  
   
 
	 We are looking for an iOS/Swift developer responsible for the development and maintenance of applications aimed towards iOS and OS X, including mobile phones, tablets, and full. 
	 Plan, design and build advanced and build secure applications for iOS and OS X platform. 
	 Monitor the performance, quality, and responsiveness of company s applications. 
	 Work with the rest of the team to define, design, and develop new features. 
	 Find and fix bugs in a timely manner. 
	 Worked in Agile / SCRUM Methodology. 
	 Help maintain high-level code quality, organization and...+plus","We are looking for  SWIFT Developer  profiles / CVs to pass on to our clients for their future recruitment campaigns. 
   
  Mission:  
   
 
	 We are looking for an iOS/Swift developer responsible for the development and maintenance of applications aimed towards iOS and OS X, including mobile phones, tablets, and full. 
	 Plan, design and build advanced and build secure applications for iOS and OS X platform. 
	 Monitor the performance, quality, and responsiveness of company s applications. 
	 Work with the rest of the team to define, design, and develop new features. 
	 Find and fix bugs in a timely manner. 
	 Worked in Agile / SCRUM Methodology. 
	 Help maintain high-level code quality, organization and...+plus",,active
rwandajob,https://www.rwandajob.com/job-vacancies-rwanda/test-validation-engineer-mf-98994,98994,2026-09-10T13:03:01.037084,Rwanda,Test and Validation Engineer (M/F),Test and Validation Engineer (M/F),AFRICASHORE,Rwanda,#NAME?,"We are looking for  Test and Validation Engineer  profiles / CVs to pass on to our clients for their future recruitment campaigns. 
   
  Mission:  
   
 
	 Develop and apply design verification and validation protocols based on system requirements and approved procedures and standards (ISO, IEC and FDA). 
	 Identify tasks required to complete projects in accordance with Design Control procedures. 
	 Propose technical solutions and associated schedules to complete projects on time. 
	 Design and build test benches; follow up maintenance and calibration. 
	 Create, analyse and summarise documentation of verification and validation results for internal reviews and regulatory submissions. 
	 Supervise and perform...+plus","We are looking for  Test and Validation Engineer  profiles / CVs to pass on to our clients for their future recruitment campaigns. 
   
  Mission:  
   
 
	 Develop and apply design verification and validation protocols based on system requirements and approved procedures and standards (ISO, IEC and FDA). 
	 Identify tasks required to complete projects in accordance with Design Control procedures. 
	 Propose technical solutions and associated schedules to complete projects on time. 
	 Design and build test benches; follow up maintenance and calibration. 
	 Create, analyse and summarise documentation of verification and validation results for internal reviews and regulatory submissions. 
	 Supervise and perform...+plus",,active
rwandajob,https://www.rwandajob.com/job-vacancies-rwanda/test-automation-engineer-mf-98995,98995,2026-09-10T13:03:01.037351,Rwanda,Test Automation Engineer (M/F),Test Automation Engineer (M/F),AFRICASHORE,Rwanda,#NAME?,"We are looking for  Test Automation Engineer  profiles / CVs to pass on to our clients for their future recruitment campaigns. 
   
  Mission:  
   
 
	 Develop, maintain, and execute automation tests. 
	 Develop and maintain test automation architecture and frameworks. 
	 Write complex scripts in one or more programming languages. 
	 Ensure scalability of automation and Continuous Integration across the solution. 
	 Assist in analysis and piloting of best-in-class automation testing tools and propose commission and use to relevant stakeholders. 
	 Design and develop strategic automated tests while maintaining and enhancing frameworks and test tools. 
	 Reviews specifications to determine software engineering...+plus","We are looking for  Test Automation Engineer  profiles / CVs to pass on to our clients for their future recruitment campaigns. 
   
  Mission:  
   
 
	 Develop, maintain, and execute automation tests. 
	 Develop and maintain test automation architecture and frameworks. 
	 Write complex scripts in one or more programming languages. 
	 Ensure scalability of automation and Continuous Integration across the solution. 
	 Assist in analysis and piloting of best-in-class automation testing tools and propose commission and use to relevant stakeholders. 
	 Design and develop strategic automated tests while maintaining and enhancing frameworks and test tools. 
	 Reviews specifications to determine software engineering...+plus",,active
rwandajob,https://www.rwandajob.com/job-vacancies-rwanda/ux-ui-designer-mf-98996,98996,2026-09-10T13:03:01.037656,Rwanda,UX / UI Designer (M/F),UX / UI Designer (M/F),AFRICASHORE,Rwanda,#NAME?,"We are looking for  UX / UI Designer  profiles / CVs to pass on to our clients for their future recruitment campaigns. 
   
  Mission:   
     
 
	 Design graphic user interface elements, like menus, tabs, and widgets. 
	 Be in proactive mode to instill new approaches in design. 
	 Produce and enhance wireframes, interactive prototypes, user flow diagrams, and other UI-UX design solutions for Desktop & Mobile products. 
	 Create visuals for the web (editing, photo, video, etc.). 
	 Develop UI mockups and prototypes that clearly illustrate how sites function and look like. 
	 Create mock-ups in accordance with the graphic charter of the brand or product. 
	 Design interfaces for web and mobile. 
	 Build page...+plus","We are looking for  UX / UI Designer  profiles / CVs to pass on to our clients for their future recruitment campaigns. 
   
  Mission:   
     
 
	 Design graphic user interface elements, like menus, tabs, and widgets. 
	 Be in proactive mode to instill new approaches in design. 
	 Produce and enhance wireframes, interactive prototypes, user flow diagrams, and other UI-UX design solutions for Desktop & Mobile products. 
	 Create visuals for the web (editing, photo, video, etc.). 
	 Develop UI mockups and prototypes that clearly illustrate how sites function and look like. 
	 Create mock-ups in accordance with the graphic charter of the brand or product. 
	 Design interfaces for web and mobile. 
	 Build page...+plus",,active
rwandajob,https://www.rwandajob.com/job-vacancies-rwanda/aws-cloud-architect-mf-98997,98997,2026-09-10T13:03:01.037995,Rwanda,AWS Cloud Architect (M/F),AWS Cloud Architect (M/F),AFRICASHORE,Rwanda,#NAME?,"We are looking for  AWS Cloud Architect  profiles / CVs to share with our clients for their future recruitment campaigns.    Mission:    
 
      Support and advise clients in the adoption and deployment of AWS services (IT Strategy, Opportunity Study, Audit, Framework and Roadmap).  
      Design solution platforms integrating AWS reference services (Serverless Architecture, Analytics, IoT, EKS, ...) in Native Cloud and Hybrid Cloud contexts.  
      Conduct research, tests, and execute new techniques which could be reused and applied to the project.  
      Accountable for designing, building, and optimizing automation systems that help to execute business web and data infrastructure platforms.+plus","We are looking for  AWS Cloud Architect  profiles / CVs to share with our clients for their future recruitment campaigns.    Mission:    
 
      Support and advise clients in the adoption and deployment of AWS services (IT Strategy, Opportunity Study, Audit, Framework and Roadmap).  
      Design solution platforms integrating AWS reference services (Serverless Architecture, Analytics, IoT, EKS, ...) in Native Cloud and Hybrid Cloud contexts.  
      Conduct research, tests, and execute new techniques which could be reused and applied to the project.  
      Accountable for designing, building, and optimizing automation systems that help to execute business web and data infrastructure platforms.+plus",,active
rwandajob,https://www.rwandajob.com/job-vacancies-rwanda/aws-solutions-architect-mf-98998,98998,2026-09-10T13:03:01.038262,Rwanda,AWS Solutions Architect (M/F),AWS Solutions Architect (M/F),AFRICASHORE,Rwanda,#NAME?,"We are looking for  AWS Solutions Architect  profiles / CVs to share with our clients for their future recruitment campaigns. 
   
  Mission:    
 
      Design a robust, secure and optimized AWS architecture to implement large scale enterprise data solutions and applications.  
      Develop and deliver AWS Cloud solutions in areas such as AIML, advanced analytics, microservices, serverless, etc.  
      Build highly scalable, Cloud-native applications on AWS platform using services like API Gateway, Lambda, SQS, DynamoDB and ECS.  
      Implement and manage KuberNetes environments.  
      Ensure configuration and compliance with configuration management tools.  
      Administer and troubleshoot Linux based...+plus","We are looking for  AWS Solutions Architect  profiles / CVs to share with our clients for their future recruitment campaigns. 
   
  Mission:    
 
      Design a robust, secure and optimized AWS architecture to implement large scale enterprise data solutions and applications.  
      Develop and deliver AWS Cloud solutions in areas such as AIML, advanced analytics, microservices, serverless, etc.  
      Build highly scalable, Cloud-native applications on AWS platform using services like API Gateway, Lambda, SQS, DynamoDB and ECS.  
      Implement and manage KuberNetes environments.  
      Ensure configuration and compliance with configuration management tools.  
      Administer and troubleshoot Linux based...+plus",,active
rwandajob,https://www.rwandajob.com/job-vacancies-rwanda/azure-solutions-architect-mf-98999,98999,2026-09-10T13:03:01.038540,Rwanda,AZURE Solutions Architect (M/F),AZURE Solutions Architect (M/F),AFRICASHORE,Rwanda,#NAME?,"We are looking for  AZURE Solutions Architect  profiles / CVs to share with our clients for their future recruitment campaigns. 
   
  Mission:    
 
      Serve as in-house technical expert providing technical guidance on new features & functionalities, drive the deployment of the customers workloads into Azure and provide deployment guidance.  
      Deliver Cloud platform architecture documents detailing the vision for how Azure infrastructure and platform services support the overall application architecture.  
      Proven background in the design and implementation of large scale, global, complex custom application development systems (e.g., high transaction volumes).  
      Experience problem solving...+plus","We are looking for  AZURE Solutions Architect  profiles / CVs to share with our clients for their future recruitment campaigns. 
   
  Mission:    
 
      Serve as in-house technical expert providing technical guidance on new features & functionalities, drive the deployment of the customers workloads into Azure and provide deployment guidance.  
      Deliver Cloud platform architecture documents detailing the vision for how Azure infrastructure and platform services support the overall application architecture.  
      Proven background in the design and implementation of large scale, global, complex custom application development systems (e.g., high transaction volumes).  
      Experience problem solving...+plus",,active
rwandajob,https://www.rwandajob.com/job-vacancies-rwanda/cloud-architect-mf-99000,99000,2026-09-10T13:03:01.038819,Rwanda,Cloud Architect (M/F),Cloud Architect (M/F),AFRICASHORE,Rwanda,#NAME?,"We are looking for  Cloud Architect  profiles / CVs to share with our clients for their future recruitment campaigns. 
   
  Mission:    
 
      Lead analysis, recommendations, and presentation of approaches on Cloud migration roadmaps, architecture / designs etc.  
      Involve in conducting Azure readiness assessments and evaluations and delivery of assessment reports, architecture/design/ deployment documents & presentations.  
      Architecting Cloud solutions for new applications.  
      Design Cloud architectures, environments, and solutions that meet the business requirements with an emphasis on meeting the overall business goals.  
      Design highly available, scalable and secure solutions using...+plus","We are looking for  Cloud Architect  profiles / CVs to share with our clients for their future recruitment campaigns. 
   
  Mission:    
 
      Lead analysis, recommendations, and presentation of approaches on Cloud migration roadmaps, architecture / designs etc.  
      Involve in conducting Azure readiness assessments and evaluations and delivery of assessment reports, architecture/design/ deployment documents & presentations.  
      Architecting Cloud solutions for new applications.  
      Design Cloud architectures, environments, and solutions that meet the business requirements with an emphasis on meeting the overall business goals.  
      Design highly available, scalable and secure solutions using...+plus",,active
rwandajob,https://www.rwandajob.com/job-vacancies-rwanda/cloud-computing-virtualization-engineer-mf-99001,99001,2026-09-10T13:03:01.039075,Rwanda,Cloud Computing and Virtualization Engineer (M/F),Cloud Computing and Virtualization Engineer (M/F),AFRICASHORE,Rwanda,#NAME?,"We are looking for  Cloud Computing and Virtualization Engineer  profiles / CVs to share with our clients for their future recruitment campaigns. 
   
  Mission:    
 
      Must be able to work independently and take ownership.  
      Work proactively and should be result oriented.  
      Discuss with customer to understand the project requirement and suggest industry level Cloud solutions.  
      Design and develop best fit Cloud solutions architecture, Network architecture and evaluate architectural alternatives.  
      Provide technical support for Cloud architecture design, deployment and maintenance.  
      Design secure, scalable and HA / DR strategies on Cloud technologies.  
      Analyse and resolve...+plus","We are looking for  Cloud Computing and Virtualization Engineer  profiles / CVs to share with our clients for their future recruitment campaigns. 
   
  Mission:    
 
      Must be able to work independently and take ownership.  
      Work proactively and should be result oriented.  
      Discuss with customer to understand the project requirement and suggest industry level Cloud solutions.  
      Design and develop best fit Cloud solutions architecture, Network architecture and evaluate architectural alternatives.  
      Provide technical support for Cloud architecture design, deployment and maintenance.  
      Design secure, scalable and HA / DR strategies on Cloud technologies.  
      Analyse and resolve...+plus",,active
rwandajob,https://www.rwandajob.com/job-vacancies-rwanda/cloud-engineer-mf-99002,99002,2026-09-10T13:03:01.039325,Rwanda,Cloud Engineer (M/F),Cloud Engineer (M/F),AFRICASHORE,Rwanda,#NAME?,"We are looking for  Cloud Engineer    profiles / CVs to share with our clients for their future recruitment campaigns. 
   
  Mission:    
 
      Implement IAM policies and configure VPCs to create a scalable and secure Network for the application workloads.  
      Develop and manage AWS development and migration programs.  
      Build Data Integration scripts using Python to integrate with upstream/downstream systems (within AWS Cloud Services ecosystem).  
      Develop application code for programs while following coding standards.  
       Resolve queries/issues and provide Application/functional support.  
      Recommend changes to improve established Data Integration processes.  
      Provides...+plus","We are looking for  Cloud Engineer    profiles / CVs to share with our clients for their future recruitment campaigns. 
   
  Mission:    
 
      Implement IAM policies and configure VPCs to create a scalable and secure Network for the application workloads.  
      Develop and manage AWS development and migration programs.  
      Build Data Integration scripts using Python to integrate with upstream/downstream systems (within AWS Cloud Services ecosystem).  
      Develop application code for programs while following coding standards.  
       Resolve queries/issues and provide Application/functional support.  
      Recommend changes to improve established Data Integration processes.  
      Provides...+plus",,active
rwandajob,https://www.rwandajob.com/job-vacancies-rwanda/cloud-microservices-architect-mf-99003,99003,2026-09-10T13:03:01.039532,Rwanda,Cloud Microservices Architect (M/F),Cloud Microservices Architect (M/F),AFRICASHORE,Rwanda,#NAME?,"We are looking for  Cloud Microservices Architect  profiles / CVs to share with our clients for their future recruitment campaigns. 
   
  Mission:    
 
      Design, build, and maintain Cloud environments focusing on uptime, access, control, and Network security using automation and configuration management tools.  
      Guide the definition of best practices in collaboration with other areas of engineering group.  
      Research and provide guidance on adoption of new technologies.  
      Provide guidance to Product Managers on feasibility pf product requests.  
      You will be creating, recreating, rewriting and refactor applications.  
      You will be working on Cloud-based application development...+plus","We are looking for  Cloud Microservices Architect  profiles / CVs to share with our clients for their future recruitment campaigns. 
   
  Mission:    
 
      Design, build, and maintain Cloud environments focusing on uptime, access, control, and Network security using automation and configuration management tools.  
      Guide the definition of best practices in collaboration with other areas of engineering group.  
      Research and provide guidance on adoption of new technologies.  
      Provide guidance to Product Managers on feasibility pf product requests.  
      You will be creating, recreating, rewriting and refactor applications.  
      You will be working on Cloud-based application development...+plus",,active
rwandajob,https://www.rwandajob.com/job-vacancies-rwanda/cloud-system-administrator-mf-99004,99004,2026-09-10T13:03:01.039719,Rwanda,Cloud System Administrator (M/F),Cloud System Administrator (M/F),AFRICASHORE,Rwanda,#NAME?,"We are looking for  Cloud System Administrator  profiles / CVs to share with our clients for their future recruitment campaigns. 
   
  Mission:    
 
      Installing, configuring and maintain softwares, servers (on premise / Cloud), Networks and firewalls .  
      Overseeing/troubleshoot system performance, troubleshooting issues and outages Creating a backup and safeguarding the data(on premise / Cloud) if there are any hindrances Performing system upgrades following new releases.  
      Ensuring/Sustaining Network integrity, server deployment, security and efficiency of IT infrastructure .  
      Monitoring and maintaining Network servers such as file servers, VPN gateways and intrusion detection systems...+plus","We are looking for  Cloud System Administrator  profiles / CVs to share with our clients for their future recruitment campaigns. 
   
  Mission:    
 
      Installing, configuring and maintain softwares, servers (on premise / Cloud), Networks and firewalls .  
      Overseeing/troubleshoot system performance, troubleshooting issues and outages Creating a backup and safeguarding the data(on premise / Cloud) if there are any hindrances Performing system upgrades following new releases.  
      Ensuring/Sustaining Network integrity, server deployment, security and efficiency of IT infrastructure .  
      Monitoring and maintaining Network servers such as file servers, VPN gateways and intrusion detection systems...+plus",,active
rwandajob,https://www.rwandajob.com/job-vacancies-rwanda/cloud-system-integrator-mf-99005,99005,2026-09-10T13:03:01.039881,Rwanda,Cloud System Integrator (M/F),Cloud System Integrator (M/F),AFRICASHORE,Rwanda,#NAME?,"We are looking for  Cloud System Integrator  profiles / CVs to share with our clients for their future recruitment campaigns. 
   
  Mission:  
 
  Create future-proof system architectures for our highly interconnected 4G/5G communication solutions.  
  Define competitive end-to-end solutions together with top experts from different teams in an international environment.  
  Demonstrate strong understanding of Networking and security architectures and engage in technical discussions with Network and security architects of large enterprises.  
  Present both industry and Zscaler technical architecture as it relates to customers and prospects environment and technical requirements.  
  Ensure that our solutions fit smoothly...+plus","We are looking for  Cloud System Integrator  profiles / CVs to share with our clients for their future recruitment campaigns. 
   
  Mission:  
 
  Create future-proof system architectures for our highly interconnected 4G/5G communication solutions.  
  Define competitive end-to-end solutions together with top experts from different teams in an international environment.  
  Demonstrate strong understanding of Networking and security architectures and engage in technical discussions with Network and security architects of large enterprises.  
  Present both industry and Zscaler technical architecture as it relates to customers and prospects environment and technical requirements.  
  Ensure that our solutions fit smoothly...+plus",,active
rwandajob,https://www.rwandajob.com/job-vacancies-rwanda/cyber-security-engineer-mf-99006,99006,2026-09-10T13:03:01.040064,Rwanda,Cyber Security Engineer (M/F),Cyber Security Engineer (M/F),AFRICASHORE,Rwanda,#NAME?,"We are looking for  Cyber Security Engineer  profiles / CVs to share with our clients for their future recruitment campaigns. 
   
  Mission:    
 
  Act as an internal subject matter expert with respect to CVA scanning and reporting. Assist in maintenance of the enterprise to VMLC (Vulnerability Management Life Cycle) policy and associated VM standard.  
  Conduct required tasks for the vulnerability scanning program and publish reported vulnerabilities to impacted teams for remediation.  
  Triage and risk rank vulnerabilities according to severity and exposure. Work with Product and IT teams to risk rank and patch vulnerabilities related to the technology stack. Develop remediation plans for vulnerabilities....+plus","We are looking for  Cyber Security Engineer  profiles / CVs to share with our clients for their future recruitment campaigns. 
   
  Mission:    
 
  Act as an internal subject matter expert with respect to CVA scanning and reporting. Assist in maintenance of the enterprise to VMLC (Vulnerability Management Life Cycle) policy and associated VM standard.  
  Conduct required tasks for the vulnerability scanning program and publish reported vulnerabilities to impacted teams for remediation.  
  Triage and risk rank vulnerabilities according to severity and exposure. Work with Product and IT teams to risk rank and patch vulnerabilities related to the technology stack. Develop remediation plans for vulnerabilities....+plus",,active
rwandajob,https://www.rwandajob.com/job-vacancies-rwanda/datastage-architect-mf-99007,99007,2026-09-10T13:03:01.040225,Rwanda,DATASTAGE Architect (M/F),DATASTAGE Architect (M/F),AFRICASHORE,Rwanda,#NAME?,"We are looking for  DATASTAGE Architect  profiles / CVs to share with our clients for their future recruitment campaigns. 
   
  Mission:    
 
  Define and supervise all activities within your scope by using and optimising the resources allocated.  
  Control the implementation of the activities under your responsibility and report on the results.  
  Responsible for the level of service quality, compliance with standards and the level of safety within the assigned perimeter.  
  Supervise and monitor of assigned projects (monitoring of workloads, definition of deadlines and delivery milestones, identification of deliverables and work to be carried out, task planning, monitoring of work, management of corrective measures,...+plus","We are looking for  DATASTAGE Architect  profiles / CVs to share with our clients for their future recruitment campaigns. 
   
  Mission:    
 
  Define and supervise all activities within your scope by using and optimising the resources allocated.  
  Control the implementation of the activities under your responsibility and report on the results.  
  Responsible for the level of service quality, compliance with standards and the level of safety within the assigned perimeter.  
  Supervise and monitor of assigned projects (monitoring of workloads, definition of deadlines and delivery milestones, identification of deliverables and work to be carried out, task planning, monitoring of work, management of corrective measures,...+plus",,active
rwandajob,https://www.rwandajob.com/job-vacancies-rwanda/genesys-architect-mf-99008,99008,2026-09-10T13:03:01.040375,Rwanda,GENESYS Architect (M/F),GENESYS Architect (M/F),AFRICASHORE,Rwanda,#NAME?,"We are looking for  GENESYS Architect  profiles / CVs to share with our clients for their future recruitment campaigns. 
   
  Mission:  
 
  Deep and relevant expertise on Genesis Cloud services, along with contact center industry experience.  
  Be the direct point of technical contact to provide high-quality consultancy for Genesys solutions to customers.  
  Develop and maintain integration and Cloud solutions.  
  Knowledge and experience on Cloud computing models (IaaS, PaaS, and SaaS).  
  Experience with software development and one or more development or scripting languages (e.g. Java. Golang, Python, JavaScript, TypeScript, Bash, PowerShell).  
  Self-starter with deep hands-on work experience with production...+plus","We are looking for  GENESYS Architect  profiles / CVs to share with our clients for their future recruitment campaigns. 
   
  Mission:  
 
  Deep and relevant expertise on Genesis Cloud services, along with contact center industry experience.  
  Be the direct point of technical contact to provide high-quality consultancy for Genesys solutions to customers.  
  Develop and maintain integration and Cloud solutions.  
  Knowledge and experience on Cloud computing models (IaaS, PaaS, and SaaS).  
  Experience with software development and one or more development or scripting languages (e.g. Java. Golang, Python, JavaScript, TypeScript, Bash, PowerShell).  
  Self-starter with deep hands-on work experience with production...+plus",,active
rwandajob,https://www.rwandajob.com/job-vacancies-rwanda/network-architect-mf-99009,99009,2026-09-10T13:03:01.040571,Rwanda,Network Architect (M/F),Network Architect (M/F),AFRICASHORE,Rwanda,#NAME?,"We are looking for  Network Architect  profiles / CVs to share with our clients for their future recruitment campaigns. 
   
  Mission:    
 
  Deliver Core Backbone Network Designs in alignment with industry best practices.  
  Deliver Customer Network Designs in alignment with industry best practices.  
  Support and Alignment with Internal Teams.  
  Contributor to Automation Stakeholders to deliver speed and accuracy for the enablement of new services.  
  Perform Core Network Changes.  
  Manage technical Network solutions and framework of [24]7 Network infrastructure.  
  Perform Network troubleshooting to isolate and diagnose common Network problems.  
  Upgrade Network hardware and software components as required...+plus","We are looking for  Network Architect  profiles / CVs to share with our clients for their future recruitment campaigns. 
   
  Mission:    
 
  Deliver Core Backbone Network Designs in alignment with industry best practices.  
  Deliver Customer Network Designs in alignment with industry best practices.  
  Support and Alignment with Internal Teams.  
  Contributor to Automation Stakeholders to deliver speed and accuracy for the enablement of new services.  
  Perform Core Network Changes.  
  Manage technical Network solutions and framework of [24]7 Network infrastructure.  
  Perform Network troubleshooting to isolate and diagnose common Network problems.  
  Upgrade Network hardware and software components as required...+plus",,active
rwandajob,https://www.rwandajob.com/job-vacancies-rwanda/dba-imsdb2-zosmf-99010,99010,2026-09-10T13:03:01.074882,Rwanda,DBA IMS/DB2 Z/OS(M/F),DBA IMS/DB2 Z/OS(M/F),AFRICASHORE,Rwanda,#NAME?,"We are looking for  DBA IMS/DB2 Z/OS (M/F)  profiles / CVs to pass on to our clients for their future recruitment campaigns. 
		   
		  Mission:  
		   
		 
		 Assistance with Z/OS technical development. 
		 Project maintenance, support to Z analysts. 
		 Operational implementation of development projects. 
		 Ensure the maintenance in operational conditions. 
		 Carry out maintenance (version updates, patch management). 
		 Construction of new technical bases. 
		 Processing and level 3 incidents. 
		 Monitoring and analysing performance.+plus","We are looking for  DBA IMS/DB2 Z/OS (M/F)  profiles / CVs to pass on to our clients for their future recruitment campaigns. 
		   
		  Mission:  
		   
		 
		 Assistance with Z/OS technical development. 
		 Project maintenance, support to Z analysts. 
		 Operational implementation of development projects. 
		 Ensure the maintenance in operational conditions. 
		 Carry out maintenance (version updates, patch management). 
		 Construction of new technical bases. 
		 Processing and level 3 incidents. 
		 Monitoring and analysing performance.+plus",,active
rwandajob,https://www.rwandajob.com/job-vacancies-rwanda/zos-system-engineer-senior-storagemf-99011,99011,2026-09-10T13:03:01.075049,Rwanda,Z/OS System Engineer Senior Storage(M/F),Z/OS System Engineer Senior Storage(M/F),AFRICASHORE,Rwanda,#NAME?,"We are looking for  Z/OS System Engineer Senior Storage (M/F)  profiles / CVs to pass on to our clients for their future recruitment campaigns.     Mission:  
		   
		 
		 Implementation, monitoring and operational technical management of operations. 
		 Enrichment and reloading of the z/OS mainframe environments for homologation and repetition of failovers. 
		 Definition of partitions (creation of the base, DBMS, transactional and flow middlewares, technical services, security), cloning and data feeding, interoperation with mainframe and distributed (non-mainframe) environments. 
		 Follow-up and technical management of operations of the various expertises (systems engineering and operations analysis) of the different...+plus","We are looking for  Z/OS System Engineer Senior Storage (M/F)  profiles / CVs to pass on to our clients for their future recruitment campaigns.     Mission:  
		   
		 
		 Implementation, monitoring and operational technical management of operations. 
		 Enrichment and reloading of the z/OS mainframe environments for homologation and repetition of failovers. 
		 Definition of partitions (creation of the base, DBMS, transactional and flow middlewares, technical services, security), cloning and data feeding, interoperation with mainframe and distributed (non-mainframe) environments. 
		 Follow-up and technical management of operations of the various expertises (systems engineering and operations analysis) of the different...+plus",,active
rwandajob,https://www.rwandajob.com/job-vacancies-rwanda/middleware-system-engineer-zos-mf-99012,99012,2026-09-10T13:03:01.075201,Rwanda,Middleware System Engineer Z/OS (M/F),Middleware System Engineer Z/OS (M/F),AFRICASHORE,Rwanda,#NAME?,"We are looking for  Middleware System Engineer Z/OS (M/F)  profiles / CVs to pass on to our clients for their future recruitment campaigns. 
		   
		  Mission :  
		   
		 
		 Experienced Z/OS system engineer, able to install, configure, activate and perform both investigation and problem resolution of products typically used in a z/OS environment. 
		 Team in charge of the management of a mainframe environment (HW / SW) including associated security (RACF), storage (DASD, Tape, B&R, DRP), compliance, metrology, performance, automation, network aspects.+plus","We are looking for  Middleware System Engineer Z/OS (M/F)  profiles / CVs to pass on to our clients for their future recruitment campaigns. 
		   
		  Mission :  
		   
		 
		 Experienced Z/OS system engineer, able to install, configure, activate and perform both investigation and problem resolution of products typically used in a z/OS environment. 
		 Team in charge of the management of a mainframe environment (HW / SW) including associated security (RACF), storage (DASD, Tape, B&R, DRP), compliance, metrology, performance, automation, network aspects.+plus",,active
rwandajob,https://www.rwandajob.com/job-vacancies-rwanda/sap-abap-consultant-mf-103079,103079,2026-09-10T13:03:01.075360,Rwanda,SAP ABAP Consultant (M/F),SAP ABAP Consultant (M/F),AFRICASHORE,Rwanda,#NAME?,"We are looking for a  SAP ABAP Consultant (M/F)  for our client, a multinational IT services company. 
	   
	  Mission:  
	   
	 
	 Liaise with delivery teams to help develop the business around future technical features in line with the organisation's strategy and objectives. 
	 Participating in the design and delivery phases of developments. 
	 Mentor junior ABAP or technical team members within the organisation. You will be responsible for building assets and accelerators in SAP ABAP and other niche technical areas. 
	 Development in ABAP and ABAP Object language, UI5, FIORI ... 
	 Carrying out technical analyses of customer requests. 
	 Drafting technical documentation and user manuals. 
	 Unit testing....+plus","We are looking for a  SAP ABAP Consultant (M/F)  for our client, a multinational IT services company. 
	   
	  Mission:  
	   
	 
	 Liaise with delivery teams to help develop the business around future technical features in line with the organisation's strategy and objectives. 
	 Participating in the design and delivery phases of developments. 
	 Mentor junior ABAP or technical team members within the organisation. You will be responsible for building assets and accelerators in SAP ABAP and other niche technical areas. 
	 Development in ABAP and ABAP Object language, UI5, FIORI ... 
	 Carrying out technical analyses of customer requests. 
	 Drafting technical documentation and user manuals. 
	 Unit testing....+plus",,active
rwandajob,https://www.rwandajob.com/job-vacancies-rwanda/sap-fi-cops-consultant-mf-103080,103080,2026-09-10T13:03:01.075504,Rwanda,SAP FI-CO/PS Consultant (M/F),SAP FI-CO/PS Consultant (M/F),AFRICASHORE,Rwanda,#NAME?,"We are looking for a  SAP FI-CO/PS Consultant (M/F)  for our client, a multinational IT services company. 
	   
	  Mission:  
	   
	 
	 Design, implement, deploy and support SAP financial solutions for finance, accounting, cost control and controlling. 
	 Maintain skills in SAP application process design and configuration; SAP application design, development, integration, testing and deployment; and SAP application technical architecture. 
	 Understand business requirements to complete printing, testing and support for general ledger, accounts receivable, accounts payable, controlling and partial fund management. 
	 Identify, evaluate and solve complex business problems in own area of responsibility, where analysis of...+plus","We are looking for a  SAP FI-CO/PS Consultant (M/F)  for our client, a multinational IT services company. 
	   
	  Mission:  
	   
	 
	 Design, implement, deploy and support SAP financial solutions for finance, accounting, cost control and controlling. 
	 Maintain skills in SAP application process design and configuration; SAP application design, development, integration, testing and deployment; and SAP application technical architecture. 
	 Understand business requirements to complete printing, testing and support for general ledger, accounts receivable, accounts payable, controlling and partial fund management. 
	 Identify, evaluate and solve complex business problems in own area of responsibility, where analysis of...+plus",,active
rwandajob,https://www.rwandajob.com/job-vacancies-rwanda/sap-ehs-consultant-mf-103081,103081,2026-09-10T13:03:01.075644,Rwanda,SAP EHS Consultant (M/F),SAP EHS Consultant (M/F),AFRICASHORE,Rwanda,#NAME?,"We are looking for a  SAP EHS Consultant (M/F)  for our client, a multinational IT services company. 
	   
	  Mission:  
	   
	 
	 Define scope and business priorities for small-scale changes and may participate in larger-scale scoping exercises. 
	 Specify and document operational requirements as instructed, ensuring traceability back to source. Analyse them to ensure they are consistent with business objectives and coherent, challenging them positively where necessary. 
	 Work with stakeholders to prioritise requirements. 
	 Participates in the analysis of stakeholder objectives and underlying issues arising from the investigation of business requirements and issues, and identifies options for consideration. 
	 Work...+plus","We are looking for a  SAP EHS Consultant (M/F)  for our client, a multinational IT services company. 
	   
	  Mission:  
	   
	 
	 Define scope and business priorities for small-scale changes and may participate in larger-scale scoping exercises. 
	 Specify and document operational requirements as instructed, ensuring traceability back to source. Analyse them to ensure they are consistent with business objectives and coherent, challenging them positively where necessary. 
	 Work with stakeholders to prioritise requirements. 
	 Participates in the analysis of stakeholder objectives and underlying issues arising from the investigation of business requirements and issues, and identifies options for consideration. 
	 Work...+plus",,active
rwandajob,https://www.rwandajob.com/job-vacancies-rwanda/senior-sap-consultant-mf-103082,103082,2026-09-10T13:03:01.075824,Rwanda,Senior SAP Consultant (M/F),Senior SAP Consultant (M/F),AFRICASHORE,Rwanda,#NAME?,"We are looking for a  Senior SAP Consultant (M/F)  for our client, a multinational IT services company. 
	   
	  Mission:  
	   
	 
	 Participating in preliminary studies and drawing up specifications. 
	 Carrying out end-to-end enhancements/projects validated in the SAP Logistics Purchasing, Stocks or Production Planning workbook (design, parameterisation, implementation, testing, change management, training, post-go-live support, etc.) with a strong commitment to results and close interaction with business correspondents. 
	 Participating in the development and strengthening of the team by carrying out continuous improvement actions and being active in knowledge sharing and mutual assistance. 
	 Adapting software...+plus","We are looking for a  Senior SAP Consultant (M/F)  for our client, a multinational IT services company. 
	   
	  Mission:  
	   
	 
	 Participating in preliminary studies and drawing up specifications. 
	 Carrying out end-to-end enhancements/projects validated in the SAP Logistics Purchasing, Stocks or Production Planning workbook (design, parameterisation, implementation, testing, change management, training, post-go-live support, etc.) with a strong commitment to results and close interaction with business correspondents. 
	 Participating in the development and strengthening of the team by carrying out continuous improvement actions and being active in knowledge sharing and mutual assistance. 
	 Adapting software...+plus",,active
rwandajob,https://www.rwandajob.com/job-vacancies-rwanda/sap-mmsdewmppqmcar-consultant-mf-103083,103083,2026-09-10T13:03:01.075977,Rwanda,SAP MM/SD/EWM/PP/QM/CAR Consultant (M/F),SAP MM/SD/EWM/PP/QM/CAR Consultant (M/F),AFRICASHORE,Rwanda,#NAME?,"We are looking for a  SAP MM/SD/EWM/PP/QM/CAR Consultant (M/F)  for our client, a multinational IT services company. 
	   
	  Mission:  
	   
	 
	 Accompanying and supporting our users in their day-to-day activities and problems by being a driving force behind the continuous improvement of the solution. 
	 Carrying out end-to-end enhancements/projects validated in the SAP Logistics Purchasing, Stocks or Production Planning workbook (design, configuration, implementation, testing, change management, training, post-go-live support, etc.), with a strong commitment to results and close interaction with business correspondents. 
	 Maintain the Customer's information system in an operational state. 
	 Overseeing and...+plus","We are looking for a  SAP MM/SD/EWM/PP/QM/CAR Consultant (M/F)  for our client, a multinational IT services company. 
	   
	  Mission:  
	   
	 
	 Accompanying and supporting our users in their day-to-day activities and problems by being a driving force behind the continuous improvement of the solution. 
	 Carrying out end-to-end enhancements/projects validated in the SAP Logistics Purchasing, Stocks or Production Planning workbook (design, configuration, implementation, testing, change management, training, post-go-live support, etc.), with a strong commitment to results and close interaction with business correspondents. 
	 Maintain the Customer's information system in an operational state. 
	 Overseeing and...+plus",,active
rwandajob,https://www.rwandajob.com/job-vacancies-rwanda/lead-java-jee-developer-mf-103084,103084,2026-09-10T13:03:01.076121,Rwanda,Lead Java JEE Developer (M/F),Lead Java JEE Developer (M/F),AFRICASHORE,Rwanda,#NAME?,"We are looking for a  Lead Java JEE Developer (M/F)  for our client, a multinational IT services company. 
	   
	  Position & Mission :  
	   
	 Working as part of the R&D Department within the Technical Architecture department of the Development teams, in charge of specific technical areas, your scope will include. 
	 
	 Design and technical development using Java/JEE technologies; 
	 Development and maintenance of the software package framework; 
	 Instruction and debugging of advanced technical problems; 
	 Participation in the costing and design of technical components; 
	 Level 3 support for business developers on questions relating to the Framework; 
	 Investigation of Java/database/network performance...+plus","We are looking for a  Lead Java JEE Developer (M/F)  for our client, a multinational IT services company. 
	   
	  Position & Mission :  
	   
	 Working as part of the R&D Department within the Technical Architecture department of the Development teams, in charge of specific technical areas, your scope will include. 
	 
	 Design and technical development using Java/JEE technologies; 
	 Development and maintenance of the software package framework; 
	 Instruction and debugging of advanced technical problems; 
	 Participation in the costing and design of technical components; 
	 Level 3 support for business developers on questions relating to the Framework; 
	 Investigation of Java/database/network performance...+plus",,active
