source,source_url,source_job_id,scraped_at,raw_hash,country,title,company,location_raw,industry_raw,education_raw,experience_raw,contract_type_raw,closing_date,num_positions,posted_date,job_status,is_ict,ict_role_confidence,classification_reason,original_job_title,normalized_role,role_family,role_group,role_level,role_normalization_confidence,role_group_confidence,normalization_reason,needs_manual_review,manual_review_reason
jobinrwanda,https://www.jobinrwanda.com/job/solution-engineer,solution-engineer,2026-09-10T12:19:30.789352,4a1e49caa91258475b485ae8fbaf2704aa05f9caca3a159bba630a28328a71f7,Rwanda,Solution Engineer,SanlamAllianz Life Insurance Plc,Kigali,"Computer and IT, Other",Master,Mid career (3 to 5 years of experience),Full-time,2026-09-14,1,2026-08-18,active,True,1.0,"Title strongly indicates ICT role: 'Solution Engineer'; Industry includes 'Computer and IT': Computer and IT, Other; Strong ICT function evidence (7 keyword clusters)",Solution Engineer,Full-Stack Developer,Software Development,Software Development,Mid-Level,0.85,0.9,Solution Engineer with full-stack responsibilities (front-end + back-end),False,None
jobinrwanda,https://www.jobinrwanda.com/index.php/job/digital-project-manager-0,digital-project-manager-0,2026-09-10T12:22:42.082975,496a14a3424f34cc8fe7c4305abd8b0f60a0f9f787a75ba0b184fb31811b8669,Rwanda,Digital Project Manager,Vision Fund Rwanda,Kigali,"Computer and IT, Other",Bachelor,Mid career (3 to 5 years of experience),Full-time,2026-09-19,1,2026-08-18,active,True,0.65,"Title strongly indicates ICT role: 'Digital Project Manager'; Industry includes 'Computer and IT': Computer and IT, Other",Digital Project Manager,ICT Manager / IT Manager,ICT Management,ICT Management,Manager,0.9,0.95,Title indicates ICT management role,False,None
jobinrwanda,https://www.jobinrwanda.com/index.php/job/network-and-security-engineer,network-and-security-engineer,2026-09-10T12:23:38.694287,f376f986a45da8750cde4afc5bc9db693c364d2956b818303ccef5a1bd6b14aa,Rwanda,Network and Security Engineer,Rwanda Medical Supply Ltd,Kigali,"Computer and IT, Other",Bachelor,Senior (5+ years of experience),Full-time,2026-09-16,1,2026-08-18,active,True,1.0,"Title strongly indicates ICT role: 'Network and Security Engineer'; Industry includes 'Computer and IT': Computer and IT, Other; Strong ICT function evidence (7 keyword clusters)",Network and Security Engineer,Network Engineer / Network Administrator,Networks,Networks,Senior,0.9,0.95,Title indicates network + security engineering (network-primary),False,None
jobinrwanda,https://www.jobinrwanda.com/index.php/job/it-internal-auditor-0,it-internal-auditor-0,2026-09-10T12:23:55.803569,5cb4cfc9fca4d559a648996295c555b34af96ee01fe33ee33edf59a056ea4b6a,Rwanda,IT Internal Auditor,Vision Fund Rwanda,Kigali,"Computer and IT, Other",Bachelor,Mid career (3 to 5 years of experience),Full-time,2026-09-11,1,2026-08-18,active,True,0.85,"Title strongly indicates ICT role: 'IT Internal Auditor'; Industry includes 'Computer and IT': Computer and IT, Other; Moderate ICT function evidence (4 keyword clusters)",IT Internal Auditor,IT Auditor / IT Governance & Risk,IT Governance & Audit,IT Governance & Audit,Mid-Level,0.9,0.95,Title indicates IT audit/governance role,False,None
rwandajob,https://www.rwandajob.com/job-vacancies-rwanda/fullstack-developer-kigali-182789,182789,2026-09-10T13:03:00.961319,c97087abef477130c65cef1367bc01ab2c5065b76c6858beeaa6e05480a9b91c,Rwanda,FullStack Developer,MALFOUR LIMITED,Kigali,Not specified,Not specified,Not specified,Not specified,Not specified,1,2026-09-10,active,True,0.6,Title strongly indicates ICT role: 'FullStack Developer'; Weak ICT function evidence (1 keyword clusters),FullStack Developer,Full-Stack Developer,Software Development,Software Development,Not Specified,0.95,1.0,Title contains 'full stack',False,None
rwandajob,https://www.rwandajob.com/job-vacancies-rwanda/php-larval-debug-code-kigali-remote-177463,177463,2026-09-10T13:03:00.962336,b8f020417d4d797779dcaec34c9a3c5c37e3b2087ca0afe605c1c9c3dda0201a,Rwanda,PHP Larval Debug Code,KORSTRADA ENTERPRISES LIMITED,Kigali,Not specified,Not specified,Not specified,Not specified,Not specified,1,2026-09-10,active,True,0.6,Title strongly indicates ICT role: 'PHP Larval Debug Code'; Weak ICT function evidence (1 keyword clusters),PHP Larval Debug Code,Software Developer / Software Engineer,Software Development,Software Development,Not Specified,0.8,0.85,Programming language + action word in title indicates software development,False,None
rwandajob,https://www.rwandajob.com/job-vacancies-rwanda/software-developer-full-remote-africa-182028,182028,2026-09-10T13:03:00.963848,8ce6a0f1475a8fa219456f340cd0ac639f55b6a32178602943c6b2b08192e6b6,Rwanda,Software Developer,AMAZETHU,Full Remote,Not specified,Not specified,Not specified,Not specified,Not specified,1,2026-09-10,active,True,0.5,Title strongly indicates ICT role: 'Software Developer',Software Developer,Software Developer / Software Engineer,Software Development,Software Development,Not Specified,0.9,0.95,Title indicates software development,True,Low ICT classification confidence (0.5)
rwandajob,https://www.rwandajob.com/job-vacancies-rwanda/angular-developer-mf-98977,98977,2026-09-10T13:03:00.964375,840a1d40d97c14f61ccbb37fcda5b73f7d725199673aeed7a98b93753d0587b3,Rwanda,ANGULAR Developer (M/F),AFRICASHORE,Rwanda,Not specified,Not specified,Not specified,Not specified,Not specified,1,2026-09-10,active,True,0.5,Title strongly indicates ICT role: 'ANGULAR Developer (M/F)',ANGULAR Developer (M/F),Frontend / Web Developer,Software Development,Software Development,Not Specified,0.9,0.95,Frontend framework/language developer title,True,Low ICT classification confidence (0.5)
rwandajob,https://www.rwandajob.com/job-vacancies-rwanda/devops-engineer-mf-98978,98978,2026-09-10T13:03:00.964590,fb2e9f5b1a941b1da7ffcff8de3fe991a8b59c83c8a4a39fca229e3e63866c0c,Rwanda,DevOps Engineer (M/F),AFRICASHORE,Rwanda,Not specified,Not specified,Not specified,Not specified,Not specified,1,2026-09-10,active,True,0.6,Title strongly indicates ICT role: 'DevOps Engineer (M/F)'; Weak ICT function evidence (1 keyword clusters),DevOps Engineer (M/F),DevOps / Cloud Engineer,Cloud & DevOps,Cloud & DevOps,Not Specified,0.95,1.0,Title indicates DevOps engineering,False,None
rwandajob,https://www.rwandajob.com/job-vacancies-rwanda/dotnet-developer-mf-98979,98979,2026-09-10T13:03:00.964785,cb6cb58506306ccb076f983f8d6076ae58f7c28510d5c7f82738305767309231,Rwanda,DOTNET Developer (M/F),AFRICASHORE,Rwanda,Not specified,Not specified,Not specified,Not specified,Not specified,1,2026-09-10,active,True,0.5,Title strongly indicates ICT role: 'DOTNET Developer (M/F)',DOTNET Developer (M/F),Backend Developer,Software Development,Software Development,Not Specified,0.9,0.95,Technology-specific developer title maps to Backend Developer,True,Low ICT classification confidence (0.5)
rwandajob,https://www.rwandajob.com/job-vacancies-rwanda/ios-developer-mf-98980,98980,2026-09-10T13:03:00.965081,ecc9c6f54954adb2d850ff1e46629cdd45c4abd283f59cf57ce0819a2018c035,Rwanda,IOS Developer (M/F),AFRICASHORE,Rwanda,Not specified,Not specified,Not specified,Not specified,Not specified,1,2026-09-10,active,True,0.5,Title strongly indicates ICT role: 'IOS Developer (M/F)',IOS Developer (M/F),Mobile App Developer,Software Development,Software Development,Not Specified,0.9,0.95,Mobile platform/language developer title,True,Low ICT classification confidence (0.5)
rwandajob,https://www.rwandajob.com/job-vacancies-rwanda/java-developer-mf-98981,98981,2026-09-10T13:03:00.965365,ce278a967fcaa4bde2d02406bd505c1329eb0211cc69a75dc713bf91f1370d62,Rwanda,JAVA Developer (M/F),AFRICASHORE,Rwanda,Not specified,Not specified,Not specified,Not specified,Not specified,1,2026-09-10,active,True,0.5,Title strongly indicates ICT role: 'JAVA Developer (M/F)',JAVA Developer (M/F),Backend Developer,Software Development,Software Development,Not Specified,0.9,0.95,Technology-specific developer title maps to Backend Developer,True,Low ICT classification confidence (0.5)
rwandajob,https://www.rwandajob.com/job-vacancies-rwanda/java-jee-developer-mf-98982,98982,2026-09-10T13:03:00.965649,3650739977c2d646e9e68b7356536e415ff28e2a2417172badd44b3d418535be,Rwanda,JAVA JEE Developer (M/F),AFRICASHORE,Rwanda,Not specified,Not specified,Not specified,Not specified,Not specified,1,2026-09-10,active,True,0.5,Title strongly indicates ICT role: 'JAVA JEE Developer (M/F)',JAVA JEE Developer (M/F),Backend Developer,Software Development,Software Development,Not Specified,0.9,0.95,Technology-specific developer title maps to Backend Developer,True,Low ICT classification confidence (0.5)
rwandajob,https://www.rwandajob.com/job-vacancies-rwanda/javascript-developer-mf-98983,98983,2026-09-10T13:03:00.966081,144acc1412c5feca94d62133bc7658972f0d3bbb27927ec7eaba4b83e2ed7ebe,Rwanda,JAVASCRIPT Developer (M/F),AFRICASHORE,Rwanda,Not specified,Not specified,Not specified,Not specified,Not specified,1,2026-09-10,active,True,0.6,Title strongly indicates ICT role: 'JAVASCRIPT Developer (M/F)'; Weak ICT function evidence (2 keyword clusters),JAVASCRIPT Developer (M/F),Frontend / Web Developer,Software Development,Software Development,Not Specified,0.9,0.95,Frontend framework/language developer title,False,None
rwandajob,https://www.rwandajob.com/job-vacancies-rwanda/kotlin-developer-mf-98984,98984,2026-09-10T13:03:00.966390,e822799003bc34a94db4af0e2c970b990d9644bb9ef6651e9b2d0666fb7c7c05,Rwanda,KOTLIN Developer (M/F),AFRICASHORE,Rwanda,Not specified,Not specified,Not specified,Not specified,Not specified,1,2026-09-10,active,True,0.5,Title strongly indicates ICT role: 'KOTLIN Developer (M/F)',KOTLIN Developer (M/F),Mobile App Developer,Software Development,Software Development,Not Specified,0.9,0.95,Mobile platform/language developer title,True,Low ICT classification confidence (0.5)
rwandajob,https://www.rwandajob.com/job-vacancies-rwanda/laravel-developer-mf-98985,98985,2026-09-10T13:03:01.035636,b8b4861d32b19ff2d8121f1eea2b97259210b21537fd197df990027ec596768b,Rwanda,LARAVEL Developer (M/F),AFRICASHORE,Rwanda,Not specified,Not specified,Not specified,Not specified,Not specified,1,2026-09-10,active,True,0.6,Title strongly indicates ICT role: 'LARAVEL Developer (M/F)'; Weak ICT function evidence (1 keyword clusters),LARAVEL Developer (M/F),Backend Developer,Software Development,Software Development,Not Specified,0.9,0.95,Technology-specific developer title maps to Backend Developer,False,None
rwandajob,https://www.rwandajob.com/job-vacancies-rwanda/nodejs-developer-mf-98986,98986,2026-09-10T13:03:01.035838,c3e0c11df83e047a6b0945f250a421e03c728aefc80503023f037b00063e7019,Rwanda,NODE.JS Developer (M/F),AFRICASHORE,Rwanda,Not specified,Not specified,Not specified,Not specified,Not specified,1,2026-09-10,active,True,0.5,Title strongly indicates ICT role: 'NODE.JS Developer (M/F)',NODE.JS Developer (M/F),Backend Developer,Software Development,Software Development,Not Specified,0.9,0.95,Technology-specific developer title maps to Backend Developer,True,Low ICT classification confidence (0.5)
rwandajob,https://www.rwandajob.com/job-vacancies-rwanda/objective-c-developer-mf-98987,98987,2026-09-10T13:03:01.035993,5b014e35ee78faaf09dee3749dee57ab2e23fcf4fa89f0dba50c4bb76fc4d586,Rwanda,OBJECTIVE-C Developer (M/F),AFRICASHORE,Rwanda,Not specified,Not specified,Not specified,Not specified,Not specified,1,2026-09-10,active,True,0.6,Title strongly indicates ICT role: 'OBJECTIVE-C Developer (M/F)'; Weak ICT function evidence (1 keyword clusters),OBJECTIVE-C Developer (M/F),Mobile App Developer,Software Development,Software Development,Not Specified,0.9,0.95,Mobile platform/language developer title,False,None
rwandajob,https://www.rwandajob.com/job-vacancies-rwanda/php-developer-mf-98988,98988,2026-09-10T13:03:01.036141,62124e6fa29ceebab62c266593cc90d42d1b1866ce7f34f858d44bd757553079,Rwanda,PHP Developer (M/F),AFRICASHORE,Rwanda,Not specified,Not specified,Not specified,Not specified,Not specified,1,2026-09-10,active,True,0.5,Title strongly indicates ICT role: 'PHP Developer (M/F)',PHP Developer (M/F),Backend Developer,Software Development,Software Development,Not Specified,0.9,0.95,Technology-specific developer title maps to Backend Developer,True,Low ICT classification confidence (0.5)
rwandajob,https://www.rwandajob.com/job-vacancies-rwanda/python-developer-mf-98989,98989,2026-09-10T13:03:01.036291,07c0768d32dbbf7f15884cc322df76eb0d39888c2154332b321041616a9696e4,Rwanda,PYTHON Developer (M/F),AFRICASHORE,Rwanda,Not specified,Not specified,Not specified,Not specified,Not specified,1,2026-09-10,active,True,0.6,Title strongly indicates ICT role: 'PYTHON Developer (M/F)'; Weak ICT function evidence (1 keyword clusters),PYTHON Developer (M/F),Backend Developer,Software Development,Software Development,Not Specified,0.9,0.95,Technology-specific developer title maps to Backend Developer,False,None
rwandajob,https://www.rwandajob.com/job-vacancies-rwanda/qa-tester-mf-98990,98990,2026-09-10T13:03:01.036447,c281e0bffd69aec836d88f1025cc3b0b5316f68e52cad0009fa4adccb9587416,Rwanda,QA Tester (M/F),AFRICASHORE,Rwanda,Not specified,Not specified,Not specified,Not specified,Not specified,1,2026-09-10,active,True,0.5,Title strongly indicates ICT role: 'QA Tester (M/F)',QA Tester (M/F),QA / Software Test Engineer,Software Quality,Software Quality,Not Specified,0.9,0.95,Title indicates QA/testing role,True,Low ICT classification confidence (0.5)
rwandajob,https://www.rwandajob.com/job-vacancies-rwanda/react-developer-mf-98991,98991,2026-09-10T13:03:01.036593,5b469d67a6c5319cfd66d8d940adefd1ce68b6883ec1291613d545d9ea557b49,Rwanda,REACT Developer (M/F),AFRICASHORE,Rwanda,Not specified,Not specified,Not specified,Not specified,Not specified,1,2026-09-10,active,True,0.5,Title strongly indicates ICT role: 'REACT Developer (M/F)',REACT Developer (M/F),Frontend / Web Developer,Software Development,Software Development,Not Specified,0.9,0.95,Frontend framework/language developer title,True,Low ICT classification confidence (0.5)
rwandajob,https://www.rwandajob.com/job-vacancies-rwanda/ruby-on-rails-developer-mf-98992,98992,2026-09-10T13:03:01.036754,ee9da8ee7b11830868f3ca7076e8c4a4919a90150ffdfa30bd3dadf60aa9e7ba,Rwanda,RUBY ON RAILS Developer (M/F),AFRICASHORE,Rwanda,Not specified,Not specified,Not specified,Not specified,Not specified,1,2026-09-10,active,True,0.5,Title strongly indicates ICT role: 'RUBY ON RAILS Developer (M/F)',RUBY ON RAILS Developer (M/F),Backend Developer,Software Development,Software Development,Not Specified,0.9,0.95,Technology-specific developer title maps to Backend Developer,True,Low ICT classification confidence (0.5)
rwandajob,https://www.rwandajob.com/job-vacancies-rwanda/swift-developer-mf-98993,98993,2026-09-10T13:03:01.036899,4cd9f77a49b451e22002310d26569beb9cbc1f9b0b945052cbbdadbda18facd4,Rwanda,SWIFT Developer (M/F),AFRICASHORE,Rwanda,Not specified,Not specified,Not specified,Not specified,Not specified,1,2026-09-10,active,True,0.5,Title strongly indicates ICT role: 'SWIFT Developer (M/F)',SWIFT Developer (M/F),Mobile App Developer,Software Development,Software Development,Not Specified,0.9,0.95,Mobile platform/language developer title,True,Low ICT classification confidence (0.5)
rwandajob,https://www.rwandajob.com/job-vacancies-rwanda/test-validation-engineer-mf-98994,98994,2026-09-10T13:03:01.037084,f5e2d3b3fd02881c76263db2bea924a3fa0ad130b748bee9fd08063aa82a95f1,Rwanda,Test and Validation Engineer (M/F),AFRICASHORE,Rwanda,Not specified,Not specified,Not specified,Not specified,Not specified,1,2026-09-10,active,True,0.5,Title strongly indicates ICT role: 'Test and Validation Engineer (M/F)',Test and Validation Engineer (M/F),QA / Software Test Engineer,Software Quality,Software Quality,Not Specified,0.9,0.95,Title indicates QA/testing role,True,Low ICT classification confidence (0.5)
rwandajob,https://www.rwandajob.com/job-vacancies-rwanda/test-automation-engineer-mf-98995,98995,2026-09-10T13:03:01.037351,a9ba2d14f9c9425944549155987bba321205c02d4969521d68368eaa709100eb,Rwanda,Test Automation Engineer (M/F),AFRICASHORE,Rwanda,Not specified,Not specified,Not specified,Not specified,Not specified,1,2026-09-10,active,True,0.5,Title strongly indicates ICT role: 'Test Automation Engineer (M/F)',Test Automation Engineer (M/F),QA / Software Test Engineer,Software Quality,Software Quality,Not Specified,0.9,0.95,Title indicates QA/testing role,True,Low ICT classification confidence (0.5)
rwandajob,https://www.rwandajob.com/job-vacancies-rwanda/ux-ui-designer-mf-98996,98996,2026-09-10T13:03:01.037656,0a4827731b31d105da07043047a9e7dbc54a453df711732f4c29b187fdecdf2c,Rwanda,UX / UI Designer (M/F),AFRICASHORE,Rwanda,Not specified,Not specified,Not specified,Not specified,Not specified,1,2026-09-10,active,True,0.5,Title strongly indicates ICT role: 'UX / UI Designer (M/F)',UX / UI Designer (M/F),Frontend / Web Developer,Software Development,Software Development,Not Specified,0.8,0.85,UX/UI Designer maps to Frontend / Web Developer,True,Low ICT classification confidence (0.5)
rwandajob,https://www.rwandajob.com/job-vacancies-rwanda/aws-cloud-architect-mf-98997,98997,2026-09-10T13:03:01.037995,c0f805a7d765879f8135c6a588e3b95de04e0e718ff5b69f154ca8f3261f597d,Rwanda,AWS Cloud Architect (M/F),AFRICASHORE,Rwanda,Not specified,Not specified,Not specified,Not specified,Not specified,1,2026-09-10,active,True,0.5,Title strongly indicates ICT role: 'AWS Cloud Architect (M/F)',AWS Cloud Architect (M/F),DevOps / Cloud Engineer,Cloud & DevOps,Cloud & DevOps,Not Specified,0.85,0.9,Cloud architecture/specialist title maps to DevOps / Cloud Engineer,True,Low ICT classification confidence (0.5)
rwandajob,https://www.rwandajob.com/job-vacancies-rwanda/aws-solutions-architect-mf-98998,98998,2026-09-10T13:03:01.038262,dc8feefccba3b68aba304daef4b052bdd671930ac70dc4875bfe35edd80a4b48,Rwanda,AWS Solutions Architect (M/F),AFRICASHORE,Rwanda,Not specified,Not specified,Not specified,Not specified,Not specified,1,2026-09-10,active,True,0.6,Title strongly indicates ICT role: 'AWS Solutions Architect (M/F)'; Weak ICT function evidence (1 keyword clusters),AWS Solutions Architect (M/F),DevOps / Cloud Engineer,Cloud & DevOps,Cloud & DevOps,Not Specified,0.85,0.9,Cloud architecture/specialist title maps to DevOps / Cloud Engineer,False,None
rwandajob,https://www.rwandajob.com/job-vacancies-rwanda/azure-solutions-architect-mf-98999,98999,2026-09-10T13:03:01.038540,2994d9aa08f1e540df721a3016ebc3c0413a07bd165684cd35fec4e49aa5c3ab,Rwanda,AZURE Solutions Architect (M/F),AFRICASHORE,Rwanda,Not specified,Not specified,Not specified,Not specified,Not specified,1,2026-09-10,active,True,0.6,Title strongly indicates ICT role: 'AZURE Solutions Architect (M/F)'; Weak ICT function evidence (1 keyword clusters),AZURE Solutions Architect (M/F),DevOps / Cloud Engineer,Cloud & DevOps,Cloud & DevOps,Not Specified,0.85,0.9,Cloud architecture/specialist title maps to DevOps / Cloud Engineer,False,None
rwandajob,https://www.rwandajob.com/job-vacancies-rwanda/cloud-architect-mf-99000,99000,2026-09-10T13:03:01.038819,16f764f645fae33f622eb5f1e1c7c40f012e141ed353fd799174c9d41a5caedc,Rwanda,Cloud Architect (M/F),AFRICASHORE,Rwanda,Not specified,Not specified,Not specified,Not specified,Not specified,1,2026-09-10,active,True,0.5,Title strongly indicates ICT role: 'Cloud Architect (M/F)',Cloud Architect (M/F),DevOps / Cloud Engineer,Cloud & DevOps,Cloud & DevOps,Not Specified,0.85,0.9,Cloud architecture/specialist title maps to DevOps / Cloud Engineer,True,Low ICT classification confidence (0.5)
rwandajob,https://www.rwandajob.com/job-vacancies-rwanda/cloud-computing-virtualization-engineer-mf-99001,99001,2026-09-10T13:03:01.039075,9cb825b8f3d694d3300fa87f6a4fba177bed84999bcd614a8a09f3edb089b56e,Rwanda,Cloud Computing and Virtualization Engineer (M/F),AFRICASHORE,Rwanda,Not specified,Not specified,Not specified,Not specified,Not specified,1,2026-09-10,active,True,0.6,Title strongly indicates ICT role: 'Cloud Computing and Virtualization Engineer (M/F)'; Weak ICT function evidence (1 keyword clusters),Cloud Computing and Virtualization Engineer (M/F),DevOps / Cloud Engineer,Cloud & DevOps,Cloud & DevOps,Not Specified,0.85,0.9,Cloud architecture/specialist title maps to DevOps / Cloud Engineer,False,None
rwandajob,https://www.rwandajob.com/job-vacancies-rwanda/cloud-engineer-mf-99002,99002,2026-09-10T13:03:01.039325,9cd0cc42187413160cf181ed048f09f16bba51f40a3a8e57bc8e9bb071a48ea7,Rwanda,Cloud Engineer (M/F),AFRICASHORE,Rwanda,Not specified,Not specified,Not specified,Not specified,Not specified,1,2026-09-10,active,True,0.6,Title strongly indicates ICT role: 'Cloud Engineer (M/F)'; Weak ICT function evidence (1 keyword clusters),Cloud Engineer (M/F),DevOps / Cloud Engineer,Cloud & DevOps,Cloud & DevOps,Not Specified,0.9,0.95,Title indicates cloud engineering,False,None
rwandajob,https://www.rwandajob.com/job-vacancies-rwanda/cloud-microservices-architect-mf-99003,99003,2026-09-10T13:03:01.039532,db5ab1799ce356110fd3c8a93307b795e9bf73af4afddc256e28d02d54a82054,Rwanda,Cloud Microservices Architect (M/F),AFRICASHORE,Rwanda,Not specified,Not specified,Not specified,Not specified,Not specified,1,2026-09-10,active,True,0.6,Title strongly indicates ICT role: 'Cloud Microservices Architect (M/F)'; Weak ICT function evidence (1 keyword clusters),Cloud Microservices Architect (M/F),DevOps / Cloud Engineer,Cloud & DevOps,Cloud & DevOps,Not Specified,0.85,0.9,Cloud architecture/specialist title maps to DevOps / Cloud Engineer,False,None
rwandajob,https://www.rwandajob.com/job-vacancies-rwanda/cloud-system-administrator-mf-99004,99004,2026-09-10T13:03:01.039719,243642cf38607d9fb0aef5302f785dfd7cf604158ee17a32b9ad5d6837cdc51d,Rwanda,Cloud System Administrator (M/F),AFRICASHORE,Rwanda,Not specified,Not specified,Not specified,Not specified,Not specified,1,2026-09-10,active,True,0.6,Title strongly indicates ICT role: 'Cloud System Administrator (M/F)'; Weak ICT function evidence (2 keyword clusters),Cloud System Administrator (M/F),Systems Administrator,Systems & Infrastructure,Systems & Infrastructure,Not Specified,0.95,1.0,Title indicates systems administration,False,None
rwandajob,https://www.rwandajob.com/job-vacancies-rwanda/cloud-system-integrator-mf-99005,99005,2026-09-10T13:03:01.039881,482e707a6671267b933fe2627ac24ca9cc01ca5e688da77a503dee50c6c11c31,Rwanda,Cloud System Integrator (M/F),AFRICASHORE,Rwanda,Not specified,Not specified,Not specified,Not specified,Not specified,1,2026-09-10,active,True,0.5,Title strongly indicates ICT role: 'Cloud System Integrator (M/F)',Cloud System Integrator (M/F),Systems Administrator,Systems & Infrastructure,Systems & Infrastructure,Not Specified,0.85,0.9,Cloud system admin maps to Systems Administrator,True,Low ICT classification confidence (0.5)
rwandajob,https://www.rwandajob.com/job-vacancies-rwanda/cyber-security-engineer-mf-99006,99006,2026-09-10T13:03:01.040064,14938f98c4220048ddae77cdf66a2612d30639bc0d6648c0187b4b05382e6d58,Rwanda,Cyber Security Engineer (M/F),AFRICASHORE,Rwanda,Not specified,Not specified,Not specified,Not specified,Not specified,1,2026-09-10,active,True,0.6,Title strongly indicates ICT role: 'Cyber Security Engineer (M/F)'; Weak ICT function evidence (1 keyword clusters),Cyber Security Engineer (M/F),Cybersecurity Analyst / Security Engineer,Cybersecurity,Cybersecurity,Not Specified,0.9,0.95,Title indicates cybersecurity role,False,None
rwandajob,https://www.rwandajob.com/job-vacancies-rwanda/datastage-architect-mf-99007,99007,2026-09-10T13:03:01.040225,e634559bd1d2fa75ee91e02fc1d2f0bc39a9c7b8d1d260a666390d013d7d4eac,Rwanda,DATASTAGE Architect (M/F),AFRICASHORE,Rwanda,Not specified,Not specified,Not specified,Not specified,Not specified,1,2026-09-10,active,True,0.5,Title strongly indicates ICT role: 'DATASTAGE Architect (M/F)',DATASTAGE Architect (M/F),Data Engineer,Data & Analytics,Data & Analytics,Not Specified,0.75,0.8,Data platform architect maps to Data Engineer,True,Low ICT classification confidence (0.5)
rwandajob,https://www.rwandajob.com/job-vacancies-rwanda/genesys-architect-mf-99008,99008,2026-09-10T13:03:01.040375,11952ed9358b6e334e569c89a2f2d82f256e330446a5f839a54debdbe4c6668f,Rwanda,GENESYS Architect (M/F),AFRICASHORE,Rwanda,Not specified,Not specified,Not specified,Not specified,Not specified,1,2026-09-10,active,True,0.5,Title strongly indicates ICT role: 'GENESYS Architect (M/F)',GENESYS Architect (M/F),Data Engineer,Data & Analytics,Data & Analytics,Not Specified,0.75,0.8,Data platform architect maps to Data Engineer,True,Low ICT classification confidence (0.5)
rwandajob,https://www.rwandajob.com/job-vacancies-rwanda/network-architect-mf-99009,99009,2026-09-10T13:03:01.040571,82ffe8a3df3fd2c32596df70e60b14003cf56addfc117206a5ce1d665e05b588,Rwanda,Network Architect (M/F),AFRICASHORE,Rwanda,Not specified,Not specified,Not specified,Not specified,Not specified,1,2026-09-10,active,True,0.6,Title strongly indicates ICT role: 'Network Architect (M/F)'; Weak ICT function evidence (1 keyword clusters),Network Architect (M/F),Network Engineer / Network Administrator,Networks,Networks,Not Specified,0.85,0.9,Network Architect maps to Network Engineer,False,None
rwandajob,https://www.rwandajob.com/job-vacancies-rwanda/dba-imsdb2-zosmf-99010,99010,2026-09-10T13:03:01.074882,e31bd657f66b1f2d0e3a6b5fc7bcfd969d0f8334b46699c5a5df39cd08bd5305,Rwanda,DBA IMS/DB2 Z/OS(M/F),AFRICASHORE,Rwanda,Not specified,Not specified,Not specified,Not specified,Not specified,1,2026-09-10,active,True,0.5,Title strongly indicates ICT role: 'DBA IMS/DB2 Z/OS(M/F)',DBA IMS/DB2 Z/OS(M/F),Database Administrator,Data & Database,Data & Database,Not Specified,0.95,1.0,Title indicates database administration,True,Low ICT classification confidence (0.5)
rwandajob,https://www.rwandajob.com/job-vacancies-rwanda/zos-system-engineer-senior-storagemf-99011,99011,2026-09-10T13:03:01.075049,fd8ad360263b254bc92e719e681d1627c5ded18e8b2df7ded266f12c2701a9fd,Rwanda,Z/OS System Engineer Senior Storage(M/F),AFRICASHORE,Rwanda,Not specified,Not specified,Not specified,Not specified,Not specified,1,2026-09-10,active,True,0.5,Title strongly indicates ICT role: 'Z/OS System Engineer Senior Storage(M/F)',Z/OS System Engineer Senior Storage(M/F),Systems Administrator,Systems & Infrastructure,Systems & Infrastructure,Senior,0.8,0.85,Mainframe/middleware system engineer maps to Systems Administrator,True,Low ICT classification confidence (0.5)
rwandajob,https://www.rwandajob.com/job-vacancies-rwanda/middleware-system-engineer-zos-mf-99012,99012,2026-09-10T13:03:01.075201,b01466566d4588e0b7335255ba3f91016840f69f54eb979f119af3969f0559f5,Rwanda,Middleware System Engineer Z/OS (M/F),AFRICASHORE,Rwanda,Not specified,Not specified,Not specified,Not specified,Not specified,1,2026-09-10,active,True,0.5,Title strongly indicates ICT role: 'Middleware System Engineer Z/OS (M/F)',Middleware System Engineer Z/OS (M/F),Systems Administrator,Systems & Infrastructure,Systems & Infrastructure,Not Specified,0.8,0.85,Mainframe/middleware system engineer maps to Systems Administrator,True,Low ICT classification confidence (0.5)
rwandajob,https://www.rwandajob.com/job-vacancies-rwanda/sap-abap-consultant-mf-103079,103079,2026-09-10T13:03:01.075360,e6b9f3bf14d550882d3ac2a29efb4008673a959681ed87773e86fc5012bdf8cc,Rwanda,SAP ABAP Consultant (M/F),AFRICASHORE,Rwanda,Not specified,Not specified,Not specified,Not specified,Not specified,1,2026-09-10,active,True,0.5,Title strongly indicates ICT role: 'SAP ABAP Consultant (M/F)',SAP ABAP Consultant (M/F),Systems Analyst / IT Business Analyst,Systems Analysis,Systems Analysis,Not Specified,0.8,0.85,SAP consultant/developer maps to Systems Analyst,True,Low ICT classification confidence (0.5)
rwandajob,https://www.rwandajob.com/job-vacancies-rwanda/sap-fi-cops-consultant-mf-103080,103080,2026-09-10T13:03:01.075504,eb97f34523cfe4958759c05829c591dd0394e7947b050bb2a622612185a735cf,Rwanda,SAP FI-CO/PS Consultant (M/F),AFRICASHORE,Rwanda,Not specified,Not specified,Not specified,Not specified,Not specified,1,2026-09-10,active,True,0.5,Title strongly indicates ICT role: 'SAP FI-CO/PS Consultant (M/F)',SAP FI-CO/PS Consultant (M/F),Systems Analyst / IT Business Analyst,Systems Analysis,Systems Analysis,Not Specified,0.8,0.85,SAP consultant/developer maps to Systems Analyst,True,Low ICT classification confidence (0.5)
rwandajob,https://www.rwandajob.com/job-vacancies-rwanda/sap-ehs-consultant-mf-103081,103081,2026-09-10T13:03:01.075644,a49a52f63acc2f2731409a73a266fc0f3f1a15f884efc9386b2338ffc1b7655b,Rwanda,SAP EHS Consultant (M/F),AFRICASHORE,Rwanda,Not specified,Not specified,Not specified,Not specified,Not specified,1,2026-09-10,active,True,0.5,Title strongly indicates ICT role: 'SAP EHS Consultant (M/F)',SAP EHS Consultant (M/F),Systems Analyst / IT Business Analyst,Systems Analysis,Systems Analysis,Not Specified,0.8,0.85,SAP consultant/developer maps to Systems Analyst,True,Low ICT classification confidence (0.5)
rwandajob,https://www.rwandajob.com/job-vacancies-rwanda/senior-sap-consultant-mf-103082,103082,2026-09-10T13:03:01.075824,eed95508a5281c0f17a40061eb9ecad6cdb5677f42d497c06c50495a489dbeee,Rwanda,Senior SAP Consultant (M/F),AFRICASHORE,Rwanda,Not specified,Not specified,Not specified,Not specified,Not specified,1,2026-09-10,active,True,0.5,Title strongly indicates ICT role: 'Senior SAP Consultant (M/F)',Senior SAP Consultant (M/F),Systems Analyst / IT Business Analyst,Systems Analysis,Systems Analysis,Senior,0.8,0.85,SAP consultant/developer maps to Systems Analyst,True,Low ICT classification confidence (0.5)
rwandajob,https://www.rwandajob.com/job-vacancies-rwanda/sap-mmsdewmppqmcar-consultant-mf-103083,103083,2026-09-10T13:03:01.075977,1dd2acd00189cf3ba07b6357df79f8521c1855c9ea9b81d4125f6af43890c3d2,Rwanda,SAP MM/SD/EWM/PP/QM/CAR Consultant (M/F),AFRICASHORE,Rwanda,Not specified,Not specified,Not specified,Not specified,Not specified,1,2026-09-10,active,True,0.5,Title strongly indicates ICT role: 'SAP MM/SD/EWM/PP/QM/CAR Consultant (M/F)',SAP MM/SD/EWM/PP/QM/CAR Consultant (M/F),Systems Analyst / IT Business Analyst,Systems Analysis,Systems Analysis,Not Specified,0.8,0.85,SAP consultant/developer maps to Systems Analyst,True,Low ICT classification confidence (0.5)
rwandajob,https://www.rwandajob.com/job-vacancies-rwanda/lead-java-jee-developer-mf-103084,103084,2026-09-10T13:03:01.076121,fab6a86554f3a6e6136f894217bb23faf5a7a4143aa5d3a9cd931f7141c4ce0d,Rwanda,Lead Java JEE Developer (M/F),AFRICASHORE,Rwanda,Not specified,Not specified,Not specified,Not specified,Not specified,1,2026-09-10,active,True,0.5,Title strongly indicates ICT role: 'Lead Java JEE Developer (M/F)',Lead Java JEE Developer (M/F),Backend Developer,Software Development,Software Development,Lead,0.9,0.95,Technology-specific developer title maps to Backend Developer,True,Low ICT classification confidence (0.5)
jobinrwanda,https://www.jobinrwanda.com/job/responsable-informatique,responsable-informatique,2026-09-06T12:32:01.198574,700aed037fea05e06ef54d43743133f18fd3f4654b848003eeff7e2ea146c3ed,Rwanda,Responsable Informatique,Ecole Polaris,Kigali,"Computer and IT, Other",Bachelor,Entry level (1 to 3 years of experience),Full-time,9/6/2026,1,8/18/2026,expired,True,0.65,"Title strongly indicates ICT role: 'Responsable Informatique'; Industry includes 'Computer and IT': Computer and IT, Other",Responsable Informatique,ICT Manager / IT Manager,ICT Management,ICT Management,Entry Level,0.9,0.95,Title indicates ICT management role,False,None
jobinrwanda,https://www.jobinrwanda.com/job/quality-assurance-qa-engineer,quality-assurance-qa-engineer,2026-09-06T12:34:27.188195,e3c4fd0020b50c0c5a85b9f2ba9b4046190932bb570a1ee3345b5b5481600808,Rwanda,Quality Assurance (QA) Engineer,Development Bank of Rwanda (BRD),Kigali,"Computer and IT, Engineering, Other",Bachelor,Mid career (3 to 5 years of experience),Full-time,9/6/2026,1,8/18/2026,expired,True,1.0,"Title strongly indicates ICT role: 'Quality Assurance (QA) Engineer'; Industry includes 'Computer and IT': Computer and IT, Engineering, Other; Strong ICT function evidence (5 keyword clusters); Engineering industry + ICT title",Quality Assurance (QA) Engineer,QA / Software Test Engineer,Software Quality,Software Quality,Mid-Level,0.95,1.0,Title indicates QA/testing role,False,None
jobinrwanda,https://www.jobinrwanda.com/job/technical-advisor-software-developer-1,technical-advisor-software-developer-1,2026-09-06T12:34:55.960853,080065ce389fa04b37a159a20fe71c16773f45f9d4adb3bb7bf917924a3c97d6,Rwanda,Technical Advisor Software Developer,GIZ Rwanda,KIGALI,"Administration, Economics, Finance and investment, Law",Master,Senior (5+ years of experience),Full-time,9/6/2026,1,6/16/2026,expired,True,0.6,Title strongly indicates ICT role: 'Technical Advisor Software Developer'; Weak ICT function evidence (1 keyword clusters),Technical Advisor Software Developer,Software Developer / Software Engineer,Software Development,Software Development,Senior,0.9,0.95,Title indicates software development,False,None
jobinrwanda,https://www.jobinrwanda.com/job/specialist-data-analyst,specialist-data-analyst,2026-09-06T12:35:33.064470,01fea83c059eff4a6f76a88bf1c17b7ef051ad17a56e9adfe7de66abe4b3e57d,Rwanda,"Specialist, Data Analyst",Development Bank of Rwanda (BRD),Kigali,"Computer and IT, Other",Bachelor,Senior (5+ years of experience),Full-time,9/6/2026,1,8/18/2026,expired,True,1.0,"Title strongly indicates ICT role: 'Specialist, Data Analyst'; Industry includes 'Computer and IT': Computer and IT, Other; Strong ICT function evidence (5 keyword clusters)","Specialist, Data Analyst",Data Analyst,Data & Analytics,Data & Analytics,Senior,0.9,0.95,Title indicates data analysis role,False,None
jobinrwanda,https://www.jobinrwanda.com/job/full-stack-software-engineer,full-stack-software-engineer,2026-09-06T12:35:42.191274,47fde99fa8955345b409213b1db6baa8c41bde2962079846830c6113cc41fde7,Rwanda,Full Stack Software Engineer,Development Bank of Rwanda (BRD),Kigali,"Computer and IT, Engineering",Bachelor,Mid career (3 to 5 years of experience),Full-time,9/6/2026,1,8/26/2026,expired,True,1.0,"Title strongly indicates ICT role: 'Full Stack Software Engineer'; Industry includes 'Computer and IT': Computer and IT, Engineering; Strong ICT function evidence (9 keyword clusters); Engineering industry + ICT title",Full Stack Software Engineer,Full-Stack Developer,Software Development,Software Development,Mid-Level,0.95,1.0,Title contains 'full stack',False,None
jobinrwanda,https://www.jobinrwanda.com/job/it-officer-20,it-officer-20,2026-09-06T12:36:52.788948,ea9f0b9e5f5a90347c4c71f7916040de678880af7317a2ca4c35d832e9811714,Rwanda,IT Officer,KARISIMBI SACCO NYABIHU,Nyabihu,"Computer and IT, Other",Bachelor,Entry level (1 to 3 years of experience),Full-time,9/7/2026,1,8/18/2026,active,True,0.65,"Title strongly indicates ICT role: 'IT Officer'; Industry includes 'Computer and IT': Computer and IT, Other",IT Officer,IT Officer / ICT Administrator,IT Operations & Support,Systems & Infrastructure,Entry Level,0.9,0.95,Title indicates IT operations/admin role,False,None
jobinrwanda,https://www.jobinrwanda.com/job/devops-engineer,devops-engineer,2026-09-06T12:37:39.107166,3ffd9b72def7722d6b3ab2a5fbff35803e8061310315194424241db73da30334,Rwanda,DevOps Engineer,Development Bank of Rwanda (BRD),Kigali,"Computer and IT, Engineering, Other",Bachelor,Entry level (1 to 3 years of experience),Full-time,9/6/2026,1,8/18/2026,expired,True,1.0,"Title strongly indicates ICT role: 'DevOps Engineer'; Industry includes 'Computer and IT': Computer and IT, Engineering, Other; Strong ICT function evidence (8 keyword clusters); Engineering industry + ICT title",DevOps Engineer,DevOps / Cloud Engineer,Cloud & DevOps,Cloud & DevOps,Entry Level,0.95,1.0,Title indicates DevOps engineering,False,None
jobinrwanda,https://www.jobinrwanda.com/job/applications-specialist-0,applications-specialist-0,2026-09-11T09:52:57,84395680e9ac78d8c5fc85607392b1abf08dc522ad41d9e00865d9eb63df7b17,Rwanda,Applications Specialist,HOPE International,Kigali,Computer and IT,Bachelor,Senior (5-10 years),Full-time,2026-09-27,1,2026-08-18,active,True,0.7,Industry includes 'Computer and IT': Computer and IT; Manually verified as ICT role,Applications Specialist,Software Developer / Software Engineer,Software Development,Software Development,Senior,0.85,0.55,Manually mapped: Applications Specialist -> Software Developer / Software Engineer,False,None
jobwebrwanda,https://jobwebrwanda.com/jobs/backend-developer-specializing-in-api-first-bus-driven-at-echowa-ltd/,jwrw-echowa-backend-api,2026-09-11T09:52:57,3b1afbd1dcd8735ba27c9f60cd52a26b5a8f6601c64c25ba8fa515f5a1d93b49,Rwanda,Backend Developer (API First & Bus Driven),Echowa Ltd,Kigali,Technology / Software,Not specified,Mid career (3-5 years),Full-time,2026-06-12,1,2026-05-29,expired,True,0.6,Title strongly indicates ICT role: 'Backend Developer (API First & Bus Driven)'; Weak ICT function evidence (2 keyword clusters),Backend Developer (API First & Bus Driven),Backend Developer,Software Development,Software Development,Mid-Level,0.85,1.0,Manually mapped: Developer -> Software Developer / Software Engineer,False,None
jobwebrwanda,https://jobwebrwanda.com/jobs/generalist-backend-developer-at-echowa-ltd/,jwrw-echowa-backend-gen,2026-09-11T09:52:57,4d0f6e97750e15512f2a6037f962318a12d42e61f33dc0e930663f0864e22d0e,Rwanda,Generalist Backend Developer,Echowa Ltd,Kigali,Technology / Software,Not specified,Mid career (2-3 years),Full-time,2026-06-12,1,2026-05-29,expired,True,0.5,Title strongly indicates ICT role: 'Generalist Backend Developer',Generalist Backend Developer,Backend Developer,Software Development,Software Development,Mid-Level,0.85,1.0,Manually mapped: Developer -> Software Developer / Software Engineer,True,Low ICT classification confidence (0.5)
jobwebrwanda,https://jobwebrwanda.com/jobs/front-end-developer-at-echowa-ltd/,jwrw-echowa-frontend,2026-09-11T09:52:57,b73deb8bc3195f29904247a0f0d6093a1dff23b4badc0b125d8f6dfc6407b6a3,Rwanda,Front-End Developer,Echowa Ltd,Kigali,Technology / Software,Not specified,Mid career (2-3 years),Full-time,2026-06-12,1,2026-05-29,expired,True,0.5,Title strongly indicates ICT role: 'Front-End Developer',Front-End Developer,Frontend / Web Developer,Software Development,Software Development,Mid-Level,0.85,1.0,Manually mapped: Developer -> Software Developer / Software Engineer,True,Low ICT classification confidence (0.5)
jobwebrwanda,https://jobwebrwanda.com/jobs/software-quality-assurance-engineer-at-umwalimu-sacco/,jwrw-umwalimu-sqa,2026-09-11T09:52:57,238bfe39cb36592b5fc280d7970a59a3875ef50ed594de64f675b0ef173f61f3,Rwanda,Software Quality Assurance Engineer,Umwalimu SACCO,Kigali,Banking / Finance,Bachelor,Mid career (3+ years),Full-time,2026-06-03,1,2026-05-20,expired,True,0.7,No significant ICT evidence found; Manually verified as ICT role,Software Quality Assurance Engineer,QA / Software Test Engineer,Software Quality,Software Quality,Mid-Level,0.85,1.0,Manually mapped: Software Quality Assurance Engineer -> QA / Software Test Engineer,False,None
jobwebrwanda,https://jobwebrwanda.com/jobs/data-analyst-at-umwalimu-sacco/,jwrw-umwalimu-da,2026-09-11T09:52:57,578f7f2a6230d6c4318c589d7fa0b878ae4d1d17bc0175b08371462f7ed5440b,Rwanda,Data Analyst,Umwalimu SACCO,Kigali,Banking / Finance,Bachelor,Mid career (3+ years),Full-time,2026-06-03,1,2026-05-20,expired,True,0.6,Title strongly indicates ICT role: 'Data Analyst'; Weak ICT function evidence (2 keyword clusters),Data Analyst,Data Analyst,Data & Analytics,Data & Analytics,Mid-Level,0.9,0.95,Title indicates data analysis role,False,None
jobwebrwanda,https://jobwebrwanda.com/jobs/associate-software-engineer-at-smart-africa/,jwrw-smartafrica-ase,2026-09-11T09:52:57,5d9b49f6c9d0d253b80576f839efcaad18a8e6a93788fde6dcad5fd100cb3b33,Rwanda,Associate Software Engineer,SMART Africa,Kigali,Technology / Software,Bachelor,Mid career (2+ years),Full-time,2026-04-30,1,2026-04-09,expired,True,0.6,Title strongly indicates ICT role: 'Associate Software Engineer'; Weak ICT function evidence (2 keyword clusters),Associate Software Engineer,Full-Stack Developer,Software Development,Software Development,Mid-Level,0.85,0.9,Software Engineer with full-stack context,False,None
jobwebrwanda,https://jobwebrwanda.com/jobs/associate-software-engineer-ctlt-at-university-of-global-health-equity-ughe/,jwrw-ughe-ase,2026-09-11T09:52:57,69cb14141c095e1df2fcaffc710629140a6eb062a2752111c193947af6db2dfe,Rwanda,"Associate Software Engineer, CTLT",University of Global Health Equity (UGHE),Butaro,Education,Bachelor,Mid career (2+ years),Full-time,2026-03-10,1,2026-03-06,expired,True,0.5,"Title strongly indicates ICT role: 'Associate Software Engineer, CTLT'","Associate Software Engineer, CTLT",Software Developer / Software Engineer,Software Development,Software Development,Mid-Level,0.9,0.95,Title indicates software development,True,Low ICT classification confidence (0.5)
jobwebrwanda,https://jobwebrwanda.com/jobs/network-security-analyst-at-visionfund-international/,jwrw-vfi-nsa,2026-09-11T09:52:57,96b553e7a0d4f91f03250abafc18fa694461c3013224506bd169d39e579f33b9,Rwanda,Network & Security Analyst,VisionFund International,Kigali,Banking / Finance,Bachelor,Senior (5+ years),Full-time,2026-02-15,1,2026-02-05,expired,True,0.7,Moderate ICT function evidence (3 keyword clusters); Manually verified as ICT role,Network & Security Analyst,Network Engineer / Network Administrator,Networks,Networks,Senior,0.85,0.95,Manually mapped: Network & Security Analyst -> Network Engineer / Network Administrator,False,None
jobwebrwanda,https://jobwebrwanda.com/jobs/head-of-technology-at-access-to-finance-rwanda-afr/,jwrw-afr-hot,2026-09-11T09:52:57,fe937cc0f3bb34d1e2d53ec0dae3dc3bf6b81ef613818869eb0e7f130d06a8f7,Rwanda,Head of Technology,Access to Finance Rwanda (AFR),Kigali,Government / Public Sector,Bachelor,Senior (8+ years),Full-time,2026-05-29,1,2026-05-18,expired,True,0.7,No significant ICT evidence found; Manually verified as ICT role,Head of Technology,ICT Manager / IT Manager,ICT Management,ICT Management,Senior,0.85,0.55,Manually mapped: Head of Technology -> ICT Manager / IT Manager,False,None
jobwebrwanda,https://jobwebrwanda.com/jobs/information-cybersecurity-officer-at-urwego-finance-cbc/,jwrw-urwego-cybersec,2026-09-11T09:52:57,8b3166fe9b9e5f8be817fdc88437c85bc8bc5395bdb589b6ae3d5ea6157bcc7a,Rwanda,Information & Cybersecurity Officer,Urwego Finance CBC,Kigali,Banking / Finance,Bachelor,Mid career (2-3 years),Full-time,2026-07-03,1,2026-06-18,expired,True,0.6,Title strongly indicates ICT role: 'Information & Cybersecurity Officer'; Weak ICT function evidence (1 keyword clusters),Information & Cybersecurity Officer,Cybersecurity Analyst / Security Engineer,Cybersecurity,Cybersecurity,Mid-Level,0.85,0.35,Manually mapped: Information & Cybersecurity Officer -> Cybersecurity Analyst / Security Engineer,False,None
jobwebrwanda,https://jobwebrwanda.com/jobs/head-of-it-department-at-copedu-plc/,jwrw-copedu-hoit,2026-09-11T09:52:57,3f6dd973fd77ad2dff2d88409272de7362fb33f40787c98eef94a0020178daf9,Rwanda,Head of IT Department,COPEDU PLC,Kigali,Banking / Finance,Bachelor,Senior (5+ years),Full-time,2026-06-12,1,2026-06-05,expired,True,0.7,Weak ICT function evidence (1 keyword clusters); Manually verified as ICT role,Head of IT Department,ICT Manager / IT Manager,ICT Management,ICT Management,Senior,0.85,0.55,Manually mapped: Head of IT -> ICT Manager / IT Manager,False,None
jobwebrwanda,https://jobwebrwanda.com/jobs/ict-program-specialist-at-korea-international-cooperation-agency-koica/,jwrw-koica-ict,2026-09-11T09:52:57,4b81480515828fa9981523f43553ac76366a70f1374ec8d8de6fa196f02e8526,Rwanda,ICT Program Specialist,Korea International Cooperation Agency (KOICA),Kigali,NGO / Development,Bachelor,Senior (5+ years),Full-time,2026-05-08,1,2026-04-21,expired,True,0.7,Some non-ICT signals detected (1 matches); Manually verified as ICT role,ICT Program Specialist,IT Officer / ICT Administrator,IT Operations & Support,Systems & Infrastructure,Senior,0.85,0.55,Manually mapped: ICT Program Specialist -> IT Officer / ICT Administrator,False,None
jobwebrwanda,https://jobwebrwanda.com/jobs/head-of-information-technology-head-of-it-at-vision-fund-rwanda/,jwrw-vfr-hoit,2026-09-11T09:52:57,c3c56e3297f6a5d11eaa69eb8db16efa0ed7515725b07dde96daefe2967e07c5,Rwanda,Head of Information Technology,Vision Fund Rwanda,Kigali,Banking / Finance,Bachelor,Senior (5+ years),Full-time,2026-04-25,1,2026-04-13,expired,True,0.7,No significant ICT evidence found; Manually verified as ICT role,Head of Information Technology,ICT Manager / IT Manager,ICT Management,ICT Management,Senior,0.85,0.55,Manually mapped: Head of Information Technology -> ICT Manager / IT Manager,False,None
jobwebrwanda,https://jobwebrwanda.com/jobs/it-officer-hardware-software-at-ubudasa-sacco-bugesera/,jwrw-ubudasa-ito,2026-09-11T09:52:57,11bf4abe0a8bf00156c134af544a1c6eb4f95bb887a17752d7435970ee9e55f9,Rwanda,IT Officer (Hardware & Software),Ubudasa Sacco Bugesera,Bugesera,Banking / Finance,Bachelor,Entry level (1+ years),Full-time,2026-07-01,1,2026-06-18,expired,True,0.6,Title strongly indicates ICT role: 'IT Officer (Hardware & Software)'; Weak ICT function evidence (1 keyword clusters),IT Officer (Hardware & Software),IT Officer / ICT Administrator,IT Operations & Support,Systems & Infrastructure,Entry Level,0.9,0.95,Title indicates IT operations/admin role,False,None
jobwebrwanda,https://jobwebrwanda.com/jobs/it-officer-hardware-software-at-icyerekezo-sacco-nyarugenge-isn/,jwrw-isn-ito,2026-09-11T09:52:57,18d63277bc1f174c6ca18e8074eb2a28e64097e616203a1237449cf7dbd0f776,Rwanda,IT Officer (Hardware & Software),Icyerekezo SACCO Nyarugenge,Kigali,Banking / Finance,Bachelor,Entry level (1+ years),Full-time,2026-06-05,1,2026-05-22,expired,True,0.5,Title strongly indicates ICT role: 'IT Officer (Hardware & Software)',IT Officer (Hardware & Software),IT Officer / ICT Administrator,IT Operations & Support,Systems & Infrastructure,Entry Level,0.9,0.95,Title indicates IT operations/admin role,True,Low ICT classification confidence (0.5)
jobwebrwanda,https://jobwebrwanda.com/jobs/ict-officer-at-rwanda-institute-for-conservation-agriculture-rica/,jwrw-rica-icto,2026-09-11T09:52:57,3bdd4011549f529921aadfa9edfd3077575aefd477b02a9b1c02f8e20aad742e,Rwanda,ICT Officer,Rwanda Institute for Conservation Agriculture (RICA),Kigali,Education,Bachelor,Mid career (3+ years),Full-time,2026-04-17,1,2026-04-07,expired,True,0.6,Title strongly indicates ICT role: 'ICT Officer'; Weak ICT function evidence (1 keyword clusters),ICT Officer,IT Officer / ICT Administrator,IT Operations & Support,Systems & Infrastructure,Mid-Level,0.9,0.95,Title indicates IT operations/admin role,False,None
jobwebrwanda,https://jobwebrwanda.com/jobs/it-officer-at-irembo-sacco-nyagatare/,jwrw-irembo-ito,2026-09-11T09:52:57,7a857e9d221781c757cab33386f790415456bad79545928589adf286ea33bd06,Rwanda,IT Officer,Irembo Sacco Nyagatare,Nyagatare,Banking / Finance,Bachelor,Entry level (1+ years),Full-time,Not specified,1,2026-05-15,expired,True,0.6,Title strongly indicates ICT role: 'IT Officer'; Weak ICT function evidence (1 keyword clusters),IT Officer,IT Officer / ICT Administrator,IT Operations & Support,Systems & Infrastructure,Entry Level,0.9,0.95,Title indicates IT operations/admin role,False,None
jobwebrwanda,https://jobwebrwanda.com/jobs/it-officer-at-the-national-council-of-nurses-and-midwives-ncnm/,jwrw-ncnm-ito,2026-09-11T09:52:57,e603668a4245b7ab794bf63089fc510ab7b199bf1dbb9a611bfb7627500e58a8,Rwanda,IT Officer,National Council of Nurses and Midwives (NCNM),Kigali,Healthcare,Bachelor,Mid career (3+ years),Full-time,Not specified,1,2026-05-10,expired,True,0.5,Title strongly indicates ICT role: 'IT Officer',IT Officer,IT Officer / ICT Administrator,IT Operations & Support,Systems & Infrastructure,Mid-Level,0.9,0.95,Title indicates IT operations/admin role,True,Low ICT classification confidence (0.5)
greatrwandajobs,https://www.greatrwandajobs.com/job-categories/job-detail/job-IT-Officer-job-at-ABADAHIGWA-SACCO-RUTSIRO-48729,grj-48729,2026-09-11T09:52:57,263e605c3578267dfe7a82edc390299835569bbe24e668a0fc7f6a8959db2b9d,Rwanda,IT Officer,ABADAHIGWA SACCO RUTSIRO,Rutsiro,Banking / Finance,Bachelor,Entry level (1+ years),Full-time,2026-09-07,1,2026-09-02,active,True,0.6,Title strongly indicates ICT role: 'IT Officer'; Weak ICT function evidence (2 keyword clusters),IT Officer,IT Officer / ICT Administrator,IT Operations & Support,Systems & Infrastructure,Entry Level,0.9,0.95,Title indicates IT operations/admin role,False,None
greatrwandajobs,https://www.greatrwandajobs.com/job-categories/job-detail/job-IT-Officer-job-at-Karisimbi-SACCO-Nyabihu-48693,grj-48693,2026-09-11T09:52:57,d4a0e4e79abdf8049e12387958398a1fc70c57489f18cd01f46b7c59b3d996f8,Rwanda,IT Officer,Karisimbi SACCO Nyabihu,Kigali,Banking / Finance,Bachelor,Entry level (1+ years),Full-time,2026-09-07,1,2026-08-27,active,True,0.6,Title strongly indicates ICT role: 'IT Officer'; Weak ICT function evidence (1 keyword clusters),IT Officer,IT Officer / ICT Administrator,IT Operations & Support,Systems & Infrastructure,Entry Level,0.9,0.95,Title indicates IT operations/admin role,False,None
greatrwandajobs,https://www.greatrwandajobs.com/job-categories/job-detail/job-Head-of-IT-job-at-Bank-of-Africa-%E2%80%93-Rwanda-Plc-48586,grj-48586,2026-09-11T09:52:57,ffc763820594e492a559296136b08ef652336a9f51195ba4fe49887783b8967e,Rwanda,Head of IT,Bank of Africa Rwanda Plc,Kigali,Banking / Finance,Bachelor,Senior (7+ years),Full-time,2026-09-01,1,2026-08-18,expired,True,0.7,Weak ICT function evidence (1 keyword clusters); Manually verified as ICT role,Head of IT,ICT Manager / IT Manager,ICT Management,ICT Management,Senior,0.85,0.55,Manually mapped: Head of IT -> ICT Manager / IT Manager,False,None
greatrwandajobs,https://www.greatrwandajobs.com/job-categories/job-detail/job-Data-Engineer-Azure-Databricks-job-at-Salvo-Grima-Ltd-48580,grj-48580,2026-09-11T09:52:57,8eb6e031a9ff02e1f0033d91dcbda2ee3903b87ed49c423eb3f34e1a13a0143f,Rwanda,Data Engineer (Azure Databricks),Salvo Grima Ltd,Kigali,Technology / Software,Bachelor,Mid career (2+ years),Full-time,2026-08-25,1,2026-08-18,expired,True,0.5,Title strongly indicates ICT role: 'Data Engineer (Azure Databricks)',Data Engineer (Azure Databricks),Data Engineer,Data & Analytics,Data & Analytics,Mid-Level,0.95,1.0,Title indicates data engineering,True,Low ICT classification confidence (0.5)
greatrwandajobs,https://www.greatrwandajobs.com/job-categories/job-detail/job-Database-Administrator-job-at-VisionFund-48541,grj-48541,2026-09-11T09:52:57,5fd5d3f500bb36a8cab075180f061253a9df6ab54d39c1db8d84b65bd605ff55,Rwanda,Database Administrator,VisionFund Rwanda,Kigali,Banking / Finance,Bachelor,Mid career (3+ years),Full-time,2026-08-22,1,2026-08-14,expired,True,0.6,Title strongly indicates ICT role: 'Database Administrator'; Weak ICT function evidence (2 keyword clusters),Database Administrator,Database Administrator,Data & Database,Data & Database,Mid-Level,0.95,1.0,Title indicates database administration,False,None
greatrwandajobs,https://www.greatrwandajobs.com/job-categories/job-detail/job-Database-Administrator-job-at-World-Vision-48532,grj-48532,2026-09-11T09:52:57,a9bac53dd2cd182efc647b994124676f899aa7cd35b6d1a5907b1f695c66e532,Rwanda,Database Administrator,World Vision,Kigali,NGO / Development,Bachelor,Mid career (3+ years),Full-time,2026-08-23,1,2026-08-14,expired,True,0.6,Title strongly indicates ICT role: 'Database Administrator'; Weak ICT function evidence (1 keyword clusters),Database Administrator,Database Administrator,Data & Database,Data & Database,Mid-Level,0.95,1.0,Title indicates database administration,False,None
greatrwandajobs,https://www.greatrwandajobs.com/job-categories/job-detail/job-Cybersecurity-and-IT-Auditor-job-at-Prime-Life-Insurance-Limited-48522,grj-48522,2026-09-11T09:52:57,8e178dd8cac530c87ce8ab5df2b892c2cea57e9e7e279aac85da4e42724ea5af,Rwanda,Cybersecurity and IT Auditor,Prime Life Insurance Limited,Kigali,Insurance,Bachelor,Mid career (3+ years),Full-time,2026-08-23,1,2026-08-14,expired,True,0.85,Title strongly indicates ICT role: 'Cybersecurity and IT Auditor'; Strong ICT function evidence (5 keyword clusters),Cybersecurity and IT Auditor,IT Auditor / IT Governance & Risk,IT Governance & Audit,IT Governance & Audit,Mid-Level,0.9,0.95,Title indicates IT audit/governance role,False,None
greatrwandajobs,https://www.greatrwandajobs.com/job-categories/job-detail/job-Data-and-Analytics-Specialist-job-at-Carnegie-Mellon-University-48501,grj-48501,2026-09-11T09:52:57,9ab2bb3ff24560684a9c0e9b6cfdce13ed08cd88185311838a76dd72edc4b9b1,Rwanda,Data and Analytics Specialist,Carnegie Mellon University,Kigali,Education,Master,Senior (5+ years),Full-time,2026-08-30,1,2026-08-12,expired,True,0.7,No significant ICT evidence found; Manually verified as ICT role,Data and Analytics Specialist,Data Analyst,Data & Analytics,Data & Analytics,Senior,0.85,0.75,Manually mapped: Data and Analytics Specialist -> Data Analyst,False,None
greatrwandajobs,https://www.greatrwandajobs.com/job-categories/job-detail/job-IT-Officer-Hardware-job-at-Rugero-Sacco-Gisagara-48475,grj-48475,2026-09-11T09:52:57,73d066d7997300d01b018aa5df403c2b998ca3d48c6d98744489d9598ccebfba,Rwanda,IT Officer Hardware,Rugero Sacco Gisagara,Gisagara,Banking / Finance,Bachelor,Entry level (1+ years),Full-time,2026-08-22,1,2026-08-10,expired,True,0.6,Title strongly indicates ICT role: 'IT Officer Hardware'; Weak ICT function evidence (2 keyword clusters),IT Officer Hardware,IT Officer / ICT Administrator,IT Operations & Support,Systems & Infrastructure,Entry Level,0.9,0.95,Title indicates IT operations/admin role,False,None
greatrwandajobs,https://www.greatrwandajobs.com/job-categories/job-detail/job-IT-Officer-Software-job-at-Rugero-Sacco-Gisagara-48476,grj-48476,2026-09-11T09:52:57,95f284e5bd846fee3c7ef7358adbf7f84db7c9b22cb3757c7fdb44de1f5ed7ef,Rwanda,IT Officer Software,Rugero Sacco Gisagara,Gisagara,Banking / Finance,Bachelor,Entry level (1+ years),Full-time,2026-08-22,1,2026-08-10,expired,True,0.6,Title strongly indicates ICT role: 'IT Officer Software'; Weak ICT function evidence (1 keyword clusters),IT Officer Software,IT Officer / ICT Administrator,IT Operations & Support,Systems & Infrastructure,Entry Level,0.9,0.95,Title indicates IT operations/admin role,False,None
greatrwandajobs,https://www.greatrwandajobs.com/job-categories/job-detail/job-IT-Officer-Hardware-and-Software-job-at-Ibakwe-SACCO-Gatsibo-48429,grj-48429,2026-09-11T09:52:57,ee02596b1683467beafe9f48361bbaa77b5986fb20060ed2eb208a1437c8a4bc,Rwanda,IT Officer Hardware and Software,Ibakwe SACCO Gatsibo,Gatsibo,Banking / Finance,Bachelor,Entry level (1+ years),Full-time,2026-08-19,1,2026-08-10,expired,True,0.5,Title strongly indicates ICT role: 'IT Officer Hardware and Software',IT Officer Hardware and Software,IT Officer / ICT Administrator,IT Operations & Support,Systems & Infrastructure,Entry Level,0.9,0.95,Title indicates IT operations/admin role,True,Low ICT classification confidence (0.5)
greatrwandajobs,https://www.greatrwandajobs.com/job-categories/job-detail/job-Data-Scientist-job-at-IM-Bank-Rwanda-Plc-48339,grj-48339,2026-09-11T09:52:57,068ddf83fbf830adba50b8b5ee001a3453cb35133b9ddf94029dc1ef4eef947d,Rwanda,Data Scientist,I&M Bank Rwanda Plc,Kigali,Banking / Finance,Bachelor,Mid career (3+ years),Full-time,2026-08-07,1,2026-07-31,expired,True,0.6,Title strongly indicates ICT role: 'Data Scientist'; Weak ICT function evidence (1 keyword clusters),Data Scientist,Data Scientist,Data & Analytics,Data & Analytics,Mid-Level,0.95,1.0,Title indicates data science/ML,False,None
greatrwandajobs,https://www.greatrwandajobs.com/job-categories/job-detail/job-GIS-Data-Coordinator-job-at-Wildlife-Conservation-Society-48587,grj-48587,2026-09-11T09:52:57,91f659f31e80f47412246945c08eb4afafc26a8de95408e704bfd144b8d8dbf8,Rwanda,GIS & Data Coordinator,Wildlife Conservation Society,Kigali,NGO / Development,Bachelor,Mid career (3+ years),Full-time,2026-08-28,1,2026-08-18,expired,True,0.7,No significant ICT evidence found; Manually verified as ICT role,GIS & Data Coordinator,Data Analyst,Data & Analytics,Data & Analytics,Mid-Level,0.85,0.35,Manually mapped: GIS & Data Coordinator -> Data Analyst,False,None
greatrwandajobs,https://www.greatrwandajobs.com/job-categories/job-detail/job-Digital-Project-Manager-job-at-World-Vision-48777,grj-48777,2026-09-11T09:52:57,c30e8225006bc7811e602519a82e063c962a171c51c7c3524cfe9f3e5cdb5a8c,Rwanda,Digital Project Manager,World Vision,Kigali,NGO / Development,Bachelor,Senior (5+ years),Full-time,2026-09-20,1,2026-09-08,active,True,0.5,Title strongly indicates ICT role: 'Digital Project Manager',Digital Project Manager,ICT Manager / IT Manager,ICT Management,ICT Management,Senior,0.9,0.95,Title indicates ICT management role,True,Low ICT classification confidence (0.5)
greatrwandajobs,https://www.greatrwandajobs.com/jobs/job-detail/job-Developer-job-at-Rwanda-Information-Society-Authority-RISA-47178,grj-47178,2026-09-11T09:52:57,4fc36ea33d8365efb138bf5760aa50a73d7209f16f76a02dd54d02f749e7e79d,Rwanda,Developer,Rwanda Information Society Authority (RISA),Kigali,Government / Public Sector,Bachelor,Mid career (3+ years),Contractor,2026-05-19,1,2026-05-11,expired,True,0.7,Moderate ICT function evidence (3 keyword clusters); Manually verified as ICT role,Developer,Software Developer / Software Engineer,Software Development,Software Development,Mid-Level,0.85,0.55,Manually mapped: Developer -> Software Developer / Software Engineer,False,None
greatrwandajobs,https://www.greatrwandajobs.com/jobs/job-detail/job-Senior-Software-Engineer-job-at-Rwanda-Information-Society-Authority-RISA-47177,grj-47177,2026-09-11T09:52:57,dda6ba9aeb31ae2028d335736f6b9cdb661d9fccc1a1743cdfc6a6964c233a6e,Rwanda,Senior Software Engineer,Rwanda Information Society Authority (RISA),Kigali,Government / Public Sector,Master,Mid career (3+ years),Contractor,2026-05-19,1,2026-05-11,expired,True,0.5,Title strongly indicates ICT role: 'Senior Software Engineer',Senior Software Engineer,Software Developer / Software Engineer,Software Development,Software Development,Senior,0.9,0.95,Title indicates software development,True,Low ICT classification confidence (0.5)
jobwebrwanda,https://jobwebrwanda.com/jobs/assistant-it-officer-at-mantis-kivu-marina-bay-hotel-3/,jwrw-mantis-aito,2026-09-11T09:52:57,c2b38957bea31731bf24a1fb937c87d1ebe2a648cdbab8bd5d66899a03698850,Rwanda,Assistant IT Officer,Mantis Kivu Marina Bay Hotel,Rusizi,Hospitality,Bachelor,Entry level (1+ years),Full-time,Not specified,1,2026-03-15,expired,True,0.5,Title strongly indicates ICT role: 'Assistant IT Officer',Assistant IT Officer,IT Officer / ICT Administrator,IT Operations & Support,Systems & Infrastructure,Entry Level,0.9,0.95,Title indicates IT operations/admin role,True,Low ICT classification confidence (0.5)
